"Age Group","Birth Sex","Count","Percent"
"0-1 years","Female",2565,45.6
"0-1 years","Male",3058,54.4
"1-14 years","Female",60569,49.2
"1-14 years","Male",62428,50.8
"15-24 years","Female",104972,52.9
"15-24 years","Male",93517,47.1
"25-44 years","Female",172564,51.3
"25-44 years","Male",164103,48.7
"45-64 years","Female",97866,50.9
"45-64 years","Male",94504,49.1
"65-84 years","Female",32048,50.5
"65-84 years","Male",31433,49.5
"85+ years","Female",4039,57.4
"85+ years","Male",2996,42.6
