"race_ethnicity","Comorbidity","Count","Total Cases","Percent"
"American Indian/Alaska Native alone, non-Hispanic","Autoimmune","51",9986,"0.5"
"Asian alone, non-Hispanic","Autoimmune","76",20184,"0.4"
"Black/African American alone, non-Hispanic","Autoimmune","50",11280,"0.4"
"Hispanic or Latino (of any race)","Autoimmune","619",163244,"0.4"
"Native Hawaiian/Pacific Islander alone, non-Hispanic","Autoimmune","56",17156,"0.3"
"Some other race alone, non-Hispanic","Autoimmune","65",15788,"0.4"
"Two or more races, non-Hispanic","Autoimmune","18",1293,"1.4"
"Unknown race, non-Hispanic","Autoimmune","107",45894,"0.2"
"White alone, non-Hispanic","Autoimmune","6016",635431,"0.9"
"American Indian/Alaska Native alone, non-Hispanic","Cardiovascular","172",10287,"1.7"
"Asian alone, non-Hispanic","Cardiovascular","112",20362,"0.6"
"Black/African American alone, non-Hispanic","Cardiovascular","85",11480,"0.7"
"Hispanic or Latino (of any race)","Cardiovascular","805",166087,"0.5"
"Native Hawaiian/Pacific Islander alone, non-Hispanic","Cardiovascular","173",17401,"1"
"Some other race alone, non-Hispanic","Cardiovascular","109",15956,"0.7"
"Two or more races, non-Hispanic","Cardiovascular","12",1315,"0.9"
"Unknown race, non-Hispanic","Cardiovascular","107",46149,"0.2"
"White alone, non-Hispanic","Cardiovascular","6364",638885,"1"
"American Indian/Alaska Native alone, non-Hispanic","Chronic Pulmonary","336",10287,"3.3"
"Asian alone, non-Hispanic","Chronic Pulmonary","325",20362,"1.6"
"Black/African American alone, non-Hispanic","Chronic Pulmonary","300",11480,"2.6"
"Hispanic or Latino (of any race)","Chronic Pulmonary","3589",166087,"2.2"
"Native Hawaiian/Pacific Islander alone, non-Hispanic","Chronic Pulmonary","405",17401,"2.3"
"Some other race alone, non-Hispanic","Chronic Pulmonary","337",15956,"2.1"
"Two or more races, non-Hispanic","Chronic Pulmonary","99",1315,"7.5"
"Unknown race, non-Hispanic","Chronic Pulmonary","523",46149,"1.1"
"White alone, non-Hispanic","Chronic Pulmonary","18505",638885,"2.9"
"American Indian/Alaska Native alone, non-Hispanic","Diabetes","661",10287,"6.4"
"Asian alone, non-Hispanic","Diabetes","334",20362,"1.6"
"Black/African American alone, non-Hispanic","Diabetes","194",11480,"1.7"
"Hispanic or Latino (of any race)","Diabetes","3754",166087,"2.3"
"Native Hawaiian/Pacific Islander alone, non-Hispanic","Diabetes","673",17401,"3.9"
"Some other race alone, non-Hispanic","Diabetes","217",15956,"1.4"
"Two or more races, non-Hispanic","Diabetes","28",1315,"2.1"
"Unknown race, non-Hispanic","Diabetes","320",46149,"0.7"
"White alone, non-Hispanic","Diabetes","10537",638885,"1.6"
"American Indian/Alaska Native alone, non-Hispanic","Disability","80",9986,"0.8"
"Asian alone, non-Hispanic","Disability","81",20184,"0.4"
"Black/African American alone, non-Hispanic","Disability","69",11280,"0.6"
"Hispanic or Latino (of any race)","Disability","647",163244,"0.4"
"Native Hawaiian/Pacific Islander alone, non-Hispanic","Disability","84",17156,"0.5"
"Some other race alone, non-Hispanic","Disability","80",15788,"0.5"
"Two or more races, non-Hispanic","Disability","18",1293,"1.4"
"Unknown race, non-Hispanic","Disability","112",45894,"0.2"
"White alone, non-Hispanic","Disability","4900",635431,"0.8"
"American Indian/Alaska Native alone, non-Hispanic","Hypertension","431",9986,"4.3"
"Asian alone, non-Hispanic","Hypertension","437",20184,"2.2"
"Black/African American alone, non-Hispanic","Hypertension","296",11280,"2.6"
"Hispanic or Latino (of any race)","Hypertension","3540",163244,"2.2"
"Native Hawaiian/Pacific Islander alone, non-Hispanic","Hypertension","503",17156,"2.9"
"Some other race alone, non-Hispanic","Hypertension","262",15788,"1.7"
"Two or more races, non-Hispanic","Hypertension","39",1293,"3"
"Unknown race, non-Hispanic","Hypertension","389",45894,"0.8"
"White alone, non-Hispanic","Hypertension","15477",635431,"2.4"
"American Indian/Alaska Native alone, non-Hispanic","Immunocompromised","60",10287,"0.6"
"Asian alone, non-Hispanic","Immunocompromised","61",20362,"0.3"
"Black/African American alone, non-Hispanic","Immunocompromised","54",11480,"0.5"
"Hispanic or Latino (of any race)","Immunocompromised","553",166087,"0.3"
"Native Hawaiian/Pacific Islander alone, non-Hispanic","Immunocompromised","66",17401,"0.4"
"Some other race alone, non-Hispanic","Immunocompromised","41",15956,"0.3"
"Two or more races, non-Hispanic","Immunocompromised","13",1315,"1"
"Unknown race, non-Hispanic","Immunocompromised","55",46149,"0.1"
"White alone, non-Hispanic","Immunocompromised","3533",638885,"0.6"
"American Indian/Alaska Native alone, non-Hispanic","Chronic Kidney","85",10287,"0.8"
"Asian alone, non-Hispanic","Chronic Kidney","58",20362,"0.3"
"Black/African American alone, non-Hispanic","Chronic Kidney","48",11480,"0.4"
"Hispanic or Latino (of any race)","Chronic Kidney","419",166087,"0.3"
"Native Hawaiian/Pacific Islander alone, non-Hispanic","Chronic Kidney","127",17401,"0.7"
"Some other race alone, non-Hispanic","Chronic Kidney","30",15956,"0.2"
"Two or more races, non-Hispanic","Chronic Kidney","8",1315,"0.6"
"Unknown race, non-Hispanic","Chronic Kidney","34",46149,"0.1"
"White alone, non-Hispanic","Chronic Kidney","2558",638885,"0.4"
"American Indian/Alaska Native alone, non-Hispanic","Chronic Liver","42",10287,"0.4"
"Asian alone, non-Hispanic","Chronic Liver","32",20362,"0.2"
"Black/African American alone, non-Hispanic","Chronic Liver","18",11480,"0.2"
"Hispanic or Latino (of any race)","Chronic Liver","259",166087,"0.2"
"Native Hawaiian/Pacific Islander alone, non-Hispanic","Chronic Liver","27",17401,"0.2"
"Some other race alone, non-Hispanic","Chronic Liver","12",15956,"0.1"
"Two or more races, non-Hispanic","Chronic Liver","<5",1315,"<0.4"
"Unknown race, non-Hispanic","Chronic Liver","10",46149,"0"
"White alone, non-Hispanic","Chronic Liver","783",638885,"0.1"
"American Indian/Alaska Native alone, non-Hispanic","None","1854",10287,"18"
"Asian alone, non-Hispanic","None","3112",20362,"15.3"
"Black/African American alone, non-Hispanic","None","1752",11480,"15.3"
"Hispanic or Latino (of any race)","None","33476",166087,"20.2"
"Native Hawaiian/Pacific Islander alone, non-Hispanic","None","2988",17401,"17.2"
"Some other race alone, non-Hispanic","None","2448",15956,"15.3"
"Two or more races, non-Hispanic","None","519",1315,"39.5"
"Unknown race, non-Hispanic","None","5253",46149,"11.4"
"White alone, non-Hispanic","None","110598",638885,"17.3"
"American Indian/Alaska Native alone, non-Hispanic","Severe/Morbid Obesity","171",9986,"1.7"
"Asian alone, non-Hispanic","Severe/Morbid Obesity","60",20184,"0.3"
"Black/African American alone, non-Hispanic","Severe/Morbid Obesity","77",11280,"0.7"
"Hispanic or Latino (of any race)","Severe/Morbid Obesity","1138",163244,"0.7"
"Native Hawaiian/Pacific Islander alone, non-Hispanic","Severe/Morbid Obesity","321",17156,"1.9"
"Some other race alone, non-Hispanic","Severe/Morbid Obesity","98",15788,"0.6"
"Two or more races, non-Hispanic","Severe/Morbid Obesity","23",1293,"1.8"
"Unknown race, non-Hispanic","Severe/Morbid Obesity","144",45894,"0.3"
"White alone, non-Hispanic","Severe/Morbid Obesity","6362",635431,"1"
"American Indian/Alaska Native alone, non-Hispanic","Psychological/Psychiatric","106",9986,"1.1"
"Asian alone, non-Hispanic","Psychological/Psychiatric","129",20184,"0.6"
"Black/African American alone, non-Hispanic","Psychological/Psychiatric","156",11280,"1.4"
"Hispanic or Latino (of any race)","Psychological/Psychiatric","1185",163244,"0.7"
"Native Hawaiian/Pacific Islander alone, non-Hispanic","Psychological/Psychiatric","89",17156,"0.5"
"Some other race alone, non-Hispanic","Psychological/Psychiatric","147",15788,"0.9"
"Two or more races, non-Hispanic","Psychological/Psychiatric","39",1293,"3"
"Unknown race, non-Hispanic","Psychological/Psychiatric","202",45894,"0.4"
"White alone, non-Hispanic","Psychological/Psychiatric","9666",635431,"1.5"
"American Indian/Alaska Native alone, non-Hispanic","Current Smoker","138",10287,"1.3"
"Asian alone, non-Hispanic","Current Smoker","106",20362,"0.5"
"Black/African American alone, non-Hispanic","Current Smoker","136",11480,"1.2"
"Hispanic or Latino (of any race)","Current Smoker","1249",166087,"0.8"
"Native Hawaiian/Pacific Islander alone, non-Hispanic","Current Smoker","158",17401,"0.9"
"Some other race alone, non-Hispanic","Current Smoker","113",15956,"0.7"
"Two or more races, non-Hispanic","Current Smoker","26",1315,"2"
"Unknown race, non-Hispanic","Current Smoker","168",46149,"0.4"
"White alone, non-Hispanic","Current Smoker","4806",638885,"0.8"
"American Indian/Alaska Native alone, non-Hispanic","Former Smoker","172",10287,"1.7"
"Asian alone, non-Hispanic","Former Smoker","155",20362,"0.8"
"Black/African American alone, non-Hispanic","Former Smoker","117",11480,"1"
"Hispanic or Latino (of any race)","Former Smoker","2166",166087,"1.3"
"Native Hawaiian/Pacific Islander alone, non-Hispanic","Former Smoker","264",17401,"1.5"
"Some other race alone, non-Hispanic","Former Smoker","153",15956,"1"
"Two or more races, non-Hispanic","Former Smoker","34",1315,"2.6"
"Unknown race, non-Hispanic","Former Smoker","259",46149,"0.6"
"White alone, non-Hispanic","Former Smoker","7047",638885,"1.1"
"American Indian/Alaska Native alone, non-Hispanic","Substance Abuse","42",9986,"0.4"
"Asian alone, non-Hispanic","Substance Abuse","11",20184,"0.1"
"Black/African American alone, non-Hispanic","Substance Abuse","33",11280,"0.3"
"Hispanic or Latino (of any race)","Substance Abuse","196",163244,"0.1"
"Native Hawaiian/Pacific Islander alone, non-Hispanic","Substance Abuse","16",17156,"0.1"
"Some other race alone, non-Hispanic","Substance Abuse","28",15788,"0.2"
"Two or more races, non-Hispanic","Substance Abuse","<5",1293,"<0.4"
"Unknown race, non-Hispanic","Substance Abuse","19",45894,"0"
"White alone, non-Hispanic","Substance Abuse","830",635431,"0.1"
"American Indian/Alaska Native alone, non-Hispanic","Other","160",10287,"1.6"
"Asian alone, non-Hispanic","Other","237",20362,"1.2"
"Black/African American alone, non-Hispanic","Other","164",11480,"1.4"
"Hispanic or Latino (of any race)","Other","1714",166087,"1"
"Native Hawaiian/Pacific Islander alone, non-Hispanic","Other","218",17401,"1.3"
"Some other race alone, non-Hispanic","Other","178",15956,"1.1"
"Two or more races, non-Hispanic","Other","34",1315,"2.6"
"Unknown race, non-Hispanic","Other","220",46149,"0.5"
"White alone, non-Hispanic","Other","10774",638885,"1.7"
