"race_ethnicity","Comorbidity","Count","Total Cases","Percent"
"American Indian/Alaska Native alone, non-Hispanic","Autoimmune","12",677,"1.8"
"Asian alone, non-Hispanic","Autoimmune","6",598,"1"
"Black/African American alone, non-Hispanic","Autoimmune","5",465,"1.1"
"Hispanic or Latino (of any race)","Autoimmune","74",5930,"1.2"
"Native Hawaiian/Pacific Islander alone, non-Hispanic","Autoimmune","8",1287,"0.6"
"Some other race alone, non-Hispanic","Autoimmune","13",587,"2.2"
"Two or more races, non-Hispanic","Autoimmune","<5",58,"<8.6"
"Unknown race, non-Hispanic","Autoimmune","<5",429,"<1.2"
"White alone, non-Hispanic","Autoimmune","559",23315,"2.4"
"American Indian/Alaska Native alone, non-Hispanic","Cardiovascular","81",727,"11.1"
"Asian alone, non-Hispanic","Cardiovascular","36",609,"5.9"
"Black/African American alone, non-Hispanic","Cardiovascular","34",483,"7"
"Hispanic or Latino (of any race)","Cardiovascular","237",6170,"3.8"
"Native Hawaiian/Pacific Islander alone, non-Hispanic","Cardiovascular","91",1326,"6.9"
"Some other race alone, non-Hispanic","Cardiovascular","44",599,"7.3"
"Two or more races, non-Hispanic","Cardiovascular","5",61,"8.2"
"Unknown race, non-Hispanic","Cardiovascular","10",435,"2.3"
"White alone, non-Hispanic","Cardiovascular","1974",23624,"8.4"
"American Indian/Alaska Native alone, non-Hispanic","Chronic Pulmonary","70",727,"9.6"
"Asian alone, non-Hispanic","Chronic Pulmonary","35",609,"5.7"
"Black/African American alone, non-Hispanic","Chronic Pulmonary","33",483,"6.8"
"Hispanic or Latino (of any race)","Chronic Pulmonary","318",6170,"5.2"
"Native Hawaiian/Pacific Islander alone, non-Hispanic","Chronic Pulmonary","77",1326,"5.8"
"Some other race alone, non-Hispanic","Chronic Pulmonary","51",599,"8.5"
"Two or more races, non-Hispanic","Chronic Pulmonary","10",61,"16.4"
"Unknown race, non-Hispanic","Chronic Pulmonary","21",435,"4.8"
"White alone, non-Hispanic","Chronic Pulmonary","1979",23624,"8.4"
"American Indian/Alaska Native alone, non-Hispanic","Diabetes","189",727,"26"
"Asian alone, non-Hispanic","Diabetes","84",609,"13.8"
"Black/African American alone, non-Hispanic","Diabetes","54",483,"11.2"
"Hispanic or Latino (of any race)","Diabetes","804",6170,"13"
"Native Hawaiian/Pacific Islander alone, non-Hispanic","Diabetes","255",1326,"19.2"
"Some other race alone, non-Hispanic","Diabetes","56",599,"9.3"
"Two or more races, non-Hispanic","Diabetes","10",61,"16.4"
"Unknown race, non-Hispanic","Diabetes","28",435,"6.4"
"White alone, non-Hispanic","Diabetes","2413",23624,"10.2"
"American Indian/Alaska Native alone, non-Hispanic","Disability","23",677,"3.4"
"Asian alone, non-Hispanic","Disability","14",598,"2.3"
"Black/African American alone, non-Hispanic","Disability","16",465,"3.4"
"Hispanic or Latino (of any race)","Disability","122",5930,"2.1"
"Native Hawaiian/Pacific Islander alone, non-Hispanic","Disability","30",1287,"2.3"
"Some other race alone, non-Hispanic","Disability","16",587,"2.7"
"Two or more races, non-Hispanic","Disability","<5",58,"<8.6"
"Unknown race, non-Hispanic","Disability","8",429,"1.9"
"White alone, non-Hispanic","Disability","898",23315,"3.9"
"American Indian/Alaska Native alone, non-Hispanic","Hypertension","121",677,"17.9"
"Asian alone, non-Hispanic","Hypertension","99",598,"16.6"
"Black/African American alone, non-Hispanic","Hypertension","74",465,"15.9"
"Hispanic or Latino (of any race)","Hypertension","670",5930,"11.3"
"Native Hawaiian/Pacific Islander alone, non-Hispanic","Hypertension","187",1287,"14.5"
"Some other race alone, non-Hispanic","Hypertension","68",587,"11.6"
"Two or more races, non-Hispanic","Hypertension","13",58,"22.4"
"Unknown race, non-Hispanic","Hypertension","37",429,"8.6"
"White alone, non-Hispanic","Hypertension","3121",23315,"13.4"
"American Indian/Alaska Native alone, non-Hispanic","Immunocompromised","18",727,"2.5"
"Asian alone, non-Hispanic","Immunocompromised","13",609,"2.1"
"Black/African American alone, non-Hispanic","Immunocompromised","14",483,"2.9"
"Hispanic or Latino (of any race)","Immunocompromised","128",6170,"2.1"
"Native Hawaiian/Pacific Islander alone, non-Hispanic","Immunocompromised","26",1326,"2"
"Some other race alone, non-Hispanic","Immunocompromised","16",599,"2.7"
"Two or more races, non-Hispanic","Immunocompromised","<5",61,"<8.2"
"Unknown race, non-Hispanic","Immunocompromised","5",435,"1.1"
"White alone, non-Hispanic","Immunocompromised","688",23624,"2.9"
"American Indian/Alaska Native alone, non-Hispanic","Chronic Kidney","47",727,"6.5"
"Asian alone, non-Hispanic","Chronic Kidney","29",609,"4.8"
"Black/African American alone, non-Hispanic","Chronic Kidney","27",483,"5.6"
"Hispanic or Latino (of any race)","Chronic Kidney","181",6170,"2.9"
"Native Hawaiian/Pacific Islander alone, non-Hispanic","Chronic Kidney","84",1326,"6.3"
"Some other race alone, non-Hispanic","Chronic Kidney","13",599,"2.2"
"Two or more races, non-Hispanic","Chronic Kidney","<5",61,"<8.2"
"Unknown race, non-Hispanic","Chronic Kidney","5",435,"1.1"
"White alone, non-Hispanic","Chronic Kidney","1049",23624,"4.4"
"American Indian/Alaska Native alone, non-Hispanic","Chronic Liver","19",727,"2.6"
"Asian alone, non-Hispanic","Chronic Liver","11",609,"1.8"
"Black/African American alone, non-Hispanic","Chronic Liver","<5",483,"<1"
"Hispanic or Latino (of any race)","Chronic Liver","74",6170,"1.2"
"Native Hawaiian/Pacific Islander alone, non-Hispanic","Chronic Liver","10",1326,"0.8"
"Some other race alone, non-Hispanic","Chronic Liver","8",599,"1.3"
"Unknown race, non-Hispanic","Chronic Liver","<5",435,"<1.1"
"White alone, non-Hispanic","Chronic Liver","177",23624,"0.7"
"American Indian/Alaska Native alone, non-Hispanic","None","62",727,"8.5"
"Asian alone, non-Hispanic","None","82",609,"13.5"
"Black/African American alone, non-Hispanic","None","35",483,"7.2"
"Hispanic or Latino (of any race)","None","956",6170,"15.5"
"Native Hawaiian/Pacific Islander alone, non-Hispanic","None","156",1326,"11.8"
"Some other race alone, non-Hispanic","None","52",599,"8.7"
"Two or more races, non-Hispanic","None","11",61,"18"
"Unknown race, non-Hispanic","None","47",435,"10.8"
"White alone, non-Hispanic","None","2291",23624,"9.7"
"American Indian/Alaska Native alone, non-Hispanic","Severe/Morbid Obesity","56",677,"8.3"
"Asian alone, non-Hispanic","Severe/Morbid Obesity","12",598,"2"
"Black/African American alone, non-Hispanic","Severe/Morbid Obesity","29",465,"6.2"
"Hispanic or Latino (of any race)","Severe/Morbid Obesity","278",5930,"4.7"
"Native Hawaiian/Pacific Islander alone, non-Hispanic","Severe/Morbid Obesity","145",1287,"11.3"
"Some other race alone, non-Hispanic","Severe/Morbid Obesity","26",587,"4.4"
"Two or more races, non-Hispanic","Severe/Morbid Obesity","9",58,"15.5"
"Unknown race, non-Hispanic","Severe/Morbid Obesity","18",429,"4.2"
"White alone, non-Hispanic","Severe/Morbid Obesity","1364",23315,"5.9"
"American Indian/Alaska Native alone, non-Hispanic","Psychological/Psychiatric","22",677,"3.2"
"Asian alone, non-Hispanic","Psychological/Psychiatric","16",598,"2.7"
"Black/African American alone, non-Hispanic","Psychological/Psychiatric","23",465,"4.9"
"Hispanic or Latino (of any race)","Psychological/Psychiatric","155",5930,"2.6"
"Native Hawaiian/Pacific Islander alone, non-Hispanic","Psychological/Psychiatric","16",1287,"1.2"
"Some other race alone, non-Hispanic","Psychological/Psychiatric","17",587,"2.9"
"Two or more races, non-Hispanic","Psychological/Psychiatric","5",58,"8.6"
"Unknown race, non-Hispanic","Psychological/Psychiatric","11",429,"2.6"
"White alone, non-Hispanic","Psychological/Psychiatric","1225",23315,"5.3"
"American Indian/Alaska Native alone, non-Hispanic","Current Smoker","32",727,"4.4"
"Asian alone, non-Hispanic","Current Smoker","7",609,"1.1"
"Black/African American alone, non-Hispanic","Current Smoker","14",483,"2.9"
"Hispanic or Latino (of any race)","Current Smoker","112",6170,"1.8"
"Native Hawaiian/Pacific Islander alone, non-Hispanic","Current Smoker","13",1326,"1"
"Some other race alone, non-Hispanic","Current Smoker","10",599,"1.7"
"Two or more races, non-Hispanic","Current Smoker","<5",61,"<8.2"
"Unknown race, non-Hispanic","Current Smoker","7",435,"1.6"
"White alone, non-Hispanic","Current Smoker","455",23624,"1.9"
"American Indian/Alaska Native alone, non-Hispanic","Former Smoker","40",727,"5.5"
"Asian alone, non-Hispanic","Former Smoker","21",609,"3.4"
"Black/African American alone, non-Hispanic","Former Smoker","21",483,"4.3"
"Hispanic or Latino (of any race)","Former Smoker","242",6170,"3.9"
"Native Hawaiian/Pacific Islander alone, non-Hispanic","Former Smoker","39",1326,"2.9"
"Some other race alone, non-Hispanic","Former Smoker","25",599,"4.2"
"Two or more races, non-Hispanic","Former Smoker","7",61,"11.5"
"Unknown race, non-Hispanic","Former Smoker","15",435,"3.4"
"White alone, non-Hispanic","Former Smoker","990",23624,"4.2"
"American Indian/Alaska Native alone, non-Hispanic","Substance Abuse","17",677,"2.5"
"Asian alone, non-Hispanic","Substance Abuse","<5",598,"<0.8"
"Black/African American alone, non-Hispanic","Substance Abuse","11",465,"2.4"
"Hispanic or Latino (of any race)","Substance Abuse","57",5930,"1"
"Native Hawaiian/Pacific Islander alone, non-Hispanic","Substance Abuse","<5",1287,"<0.4"
"Some other race alone, non-Hispanic","Substance Abuse","5",587,"0.9"
"Two or more races, non-Hispanic","Substance Abuse","<5",58,"<8.6"
"Unknown race, non-Hispanic","Substance Abuse","<5",429,"<1.2"
"White alone, non-Hispanic","Substance Abuse","235",23315,"1"
"American Indian/Alaska Native alone, non-Hispanic","Other","65",727,"8.9"
"Asian alone, non-Hispanic","Other","55",609,"9"
"Black/African American alone, non-Hispanic","Other","40",483,"8.3"
"Hispanic or Latino (of any race)","Other","372",6170,"6"
"Native Hawaiian/Pacific Islander alone, non-Hispanic","Other","95",1326,"7.2"
"Some other race alone, non-Hispanic","Other","44",599,"7.3"
"Two or more races, non-Hispanic","Other","5",61,"8.2"
"Unknown race, non-Hispanic","Other","25",435,"5.7"
"White alone, non-Hispanic","Other","2197",23624,"9.3"
