"Hospitalization","age","Case Count","percent"
"Yes","0-1 years",321,"5.7%"
"Yes","1-14 years",962,"0.8%"
"Yes","15-24 years",2493,"1.3%"
"Yes","25-44 years",8317,"2.5%"
"Yes","45-64 years",10178,"5.3%"
"Yes","65-84 years",9878,"15.5%"
"Yes","85+ years",1885,"26.7%"
"No","0-1 years",4066,"72.1%"
"No","1-14 years",88581,"71.9%"
"No","15-24 years",138990,"69.9%"
"No","25-44 years",238783,"70.8%"
"No","45-64 years",135615,"70.4%"
"No","65-84 years",40804,"64.2%"
"No","85+ years",3903,"55.2%"
"Under Investigation","0-1 years",1249,"22.2%"
"Under Investigation","1-14 years",33604,"27.3%"
"Under Investigation","15-24 years",57252,"28.8%"
"Under Investigation","25-44 years",90005,"26.7%"
"Under Investigation","45-64 years",46824,"24.3%"
"Under Investigation","65-84 years",12885,"20.3%"
"Under Investigation","85+ years",1279,"18.1%"
