"County","Jurisdiction","Community Level","7 Day Case Rate / 100k","7 day total New COVID-19 admissions / 100k","7-day average % of staffed inpatient beds occupied by COVID-19 patients","7-day case count (updates daily)"
"KANE","Southwest Utah","Low","0","4.2","2.2%","<5"
"MILLARD","Central Utah","Low","15.17","3.2","1.6%","<5"
"SANPETE","Central Utah","Low","38.79","3.2","1.6%","<5"
"CARBON","Southeast Utah","Low","0","3.3","0.2%","<5"
"UTAH","Utah County","Low","27.35","3.2","1.6%","93"
"CACHE","Bear River","Low","28.06","4","0.9%","20"
"SUMMIT","Summit County","Low","94.91","4","2.3%","31"
"WASHINGTON","Southwest Utah","Low","0","4.2","2.2%","38"
"GRAND","Southeast Utah","Low","0","4","1.4%","8"
"UINTAH","TriCounty","Low","0","4","2.3%","7"
"TOOELE","Tooele County","Low","51.2","4","2.3%","30"
"SEVIER","Central Utah","Low","9.25","3.2","1.6%","<5"
"GARFIELD","Southwest Utah","Low","0","4.2","2.2%","<5"
"BOX ELDER","Bear River","Low","10.71","3.4","2.0%","<5"
"IRON","Southwest Utah","Low","0","3.2","0.1%","9"
"WEBER","Weber-Morgan","Low","27.67","3.4","2.0%","47"
"EMERY","Southeast Utah","Low","0","3.3","0.2%","<5"
"RICH","Bear River","Low","0","3.4","2.0%","0"
"WASATCH","Wasatch County","Low","49.87","4","2.3%","12"
"BEAVER","Southwest Utah","Low","0","3.2","0.1%","0"
"DAGGETT","TriCounty","Low","0","2.3","2.0%","0"
"DAVIS","Davis County","Low","33.19","3.4","2.0%","95"
"WAYNE","Central Utah","Low","0","3.2","1.6%","0"
"PIUTE","Central Utah","Low","67.61","4.2","2.2%","0"
"MORGAN","Weber-Morgan","Medium","230.95","3.4","2.0%","<5"
"SALT LAKE","Salt Lake County","Low","40.42","4","2.3%","347"
"DUCHESNE","TriCounty","Low","0","4","2.3%","<5"
"JUAB","Central Utah","Low","0","3.2","1.6%","<5"
"SAN JUAN","San Juan","Low","45.73","3.1","2.2%","6"
