"Comorbidity","Count with Condition","Total Cases with Data","Percent"
"Any Condition",87848,927922,"9.5%"
"Autoimmune",7058,920256,"0.8%"
"Cardiovascular",7939,927922,"0.9%"
"Chronic Pulmonary",24419,927922,"2.6%"
"Diabetes",16718,927922,"1.8%"
"Disability",6071,920256,"0.7%"
"Hypertension",21374,920256,"2.3%"
"Immunocompromised",4436,927922,"0.5%"
"Chronic Kidney",3367,927922,"0.4%"
"Chronic Liver",1184,927922,"0.1%"
"Severe/Morbid Obesity",8394,920256,"0.9%"
"Psychological/Psychiatric",11719,920256,"1.3%"
"Current Smoker",6900,927922,"0.7%"
"Former Smoker",10367,927922,"1.1%"
"Substance Abuse",1178,920256,"0.1%"
"Other",13699,927922,"1.5%"
