"birthsex","age_group","compliance","n","total","percent_compliance"
"Male","18-34","Compliant",64,345,"19%"
"Male","18-34","Not Compliant",281,345,"81%"
"Male","35-49","Compliant",72,379,"19%"
"Male","35-49","Not Compliant",307,379,"81%"
"Male","50-64","Compliant",75,342,"22%"
"Male","50-64","Not Compliant",267,342,"78%"
"Male","65+","Compliant",91,384,"24%"
"Male","65+","Not Compliant",293,384,"76%"
"Female","18-34","Compliant",64,308,"21%"
"Female","18-34","Not Compliant",244,308,"79%"
"Female","35-49","Compliant",91,393,"23%"
"Female","35-49","Not Compliant",302,393,"77%"
"Female","50-64","Compliant",104,323,"32%"
"Female","50-64","Not Compliant",219,323,"68%"
"Female","65+","Compliant",181,438,"41%"
"Female","65+","Not Compliant",257,438,"59%"
