"age","Unvaccinated Cases","Fully Vaccinated Cases","Boosted Cases","Unvaccinated Hospitalizations","Fully Vaccinated Hospitalizations","Boosted Hospitalizations","Unvaccinated Deaths","Fully Vaccinated Deaths","Boosted Deaths","Unvaccinated Case Rate","Fully Vaccinated Case Rate","Boosted Case Rate","Unvaccinated Hospitalization Rate","Fully Vaccinated Hospitalization Rate","Boosted Hospitalization Rate","Unvaccinated Death Rate","Fully Vaccinated Death Rate","Boosted Death Rate","Fully Vaccinated Case Rate Ratio","Fully Vaccinated Hospitalization Rate Ratio","Fully Vaccinated Mortality Rate Ratio","Boosted Case Rate Ratio","Boosted Hospitalization Rate Ratio","Boosted Mortality Rate Ratio","Fully Vaccinated Case Rate Ratio 95% CI","Booster Case Rate Ratio 95% CI","Fully Vaccinated Hospitalization Rate Ratio 95% CI","Booster Hospitalization Rate Ratio 95% CI","Fully Vaccinated Mortality Ratio 95% CI","Booster Mortality Ratio 95% CI"
"12-18",27673,2568,0,"381","57","0","Suppressed*"," ","",30.9,8.58,NA,0.43,0.19,NA," "," "," ",3.6,2.23," ",NA,NA," ","3.5-3.7","NaN-NaN","1.7-2.9","NaN-NaN"," - "," - "
"19-29",48153,8760,37,"1356","136","<5","39","<5","0",40.74,13.54,4.22,1.15,0.21,0.11,"0.03","0","0",3.01,5.46,"21.35",9.65,10.05,"Inf","2.9-3.1","7-13.3","4.6-6.5","1.4-71.4","2.9-155.4","NaN-Inf"
"30-39",38309,11221,59,"1689","178","5","80","<5","0",44.27,19.45,4.15,1.95,0.31,0.35,"0.09","0.01","0",2.28,6.33,"13.34",10.67,5.55,"Inf","2.2-2.3","8.3-13.8","5.4-7.4","2.3-13.4","4.9-36.4","NaN-Inf"
"40-49",29767,10959,44,"1896","203","6","159","6","0",42.12,19.25,2.53,2.68,0.36,0.34,"0.22","0.01","0",2.19,7.52,"21.35",16.67,7.79,"Inf","2.1-2.2","12.4-22.4","6.5-8.7","3.5-17.4","9.4-48.2","NaN-Inf"
"50-59",17669,8078,47,"1812","286","<5","225","34","0",37.68,15.94,2.42,3.86,0.56,0.15,"0.48","0.07","0",2.36,6.85,"7.15",15.56,25.01,"Inf","2.3-2.4","11.7-20.7","6-7.8","8.1-77.6","5-10.3","NaN-Inf"
"60-69",11450,7308,82,"1994","481","12","377","59","0",31.64,14.73,2.12,5.51,0.97,0.31,"1.04","0.12","0",2.15,5.68,"8.76",14.89,17.72,"Inf","2.1-2.2","12-18.5","5.1-6.3","10-31.3","6.7-11.5","NaN-Inf"
"70-79",4617,4409,57,"1294","606","7","346","95","<5",27.25,13.16,1.43,7.64,1.81,0.18,"2.04","0.28","0.05",2.07,4.22,"7.2",19.06,43.5,"40.71","2-2.2","14.7-24.7","3.8-4.6","20.7-91.4","5.7-9","10.1-163.4"
"80+",1838,2365,33,"693","559","9","311","177","<5",21.21,14.66,1.8,8,3.47,0.49,"3.59","1.1","0.16",1.45,2.31,"3.27",11.77,16.27,"21.91","1.4-1.5","8.3-16.6","2.1-2.6","8.4-31.4","2.7-3.9","7-68.3"
"Total (Age Adjusted)",179476,55668,359,"11115","2506","43","1542","376","5",37.41,15.15,2.68,2.81,0.57,0.21,"0.46","0.08","0.01",2.47,4.94,"6.14",13.98,13.08,"56.28","2.4-2.5","12.6-15.5","4.7-5.2","9.7-17.6","5.5-6.9","23.4-135.4"
