"Comorbidity","Count with Condition","Total Cases with Data","Percent"
"Any Condition",10768,34034,"31.6%"
"Autoimmune",682,33346,"2%"
"Cardiovascular",2512,34034,"7.4%"
"Chronic Pulmonary",2594,34034,"7.6%"
"Diabetes",3893,34034,"11.4%"
"Disability",1131,33346,"3.4%"
"Hypertension",4390,33346,"13.2%"
"Immunocompromised",912,34034,"2.7%"
"Chronic Kidney",1438,34034,"4.2%"
"Chronic Liver",304,34034,"0.9%"
"Severe/Morbid Obesity",1937,33346,"5.8%"
"Psychological/Psychiatric",1490,33346,"4.5%"
"Current Smoker",652,34034,"1.9%"
"Former Smoker",1400,34034,"4.1%"
"Substance Abuse",338,33346,"1%"
"Other",2898,34034,"8.5%"
