"age","Comorbidity","Count","Percent"
"0-1 years","Autoimmune","6","0.1"
"0-1 years","Cardiovascular","8","0.1"
"0-1 years","Chronic Kidney","<5","<0.1"
"0-1 years","Chronic Liver","<5","<0.1"
"0-1 years","Chronic Pulmonary","15","0.3"
"0-1 years","Current Smoker","<5","<0.1"
"0-1 years","Diabetes","<5","<0.1"
"0-1 years","Disability","7","0.1"
"0-1 years","Former Smoker","<5","<0.1"
"0-1 years","Hypertension","8","0.1"
"0-1 years","Immunocompromised","9","0.2"
"0-1 years","None","1054","18.7"
"0-1 years","Other","52","0.9"
"0-1 years","Psychological/Psychiatric","<5","<0.1"
"0-1 years","Severe/Morbid Obesity","<5","<0.1"
"0-1 years","Substance Abuse","0",NA
"1-14 years","Autoimmune","247","0.2"
"1-14 years","Cardiovascular","135","0.1"
"1-14 years","Chronic Kidney","55","0"
"1-14 years","Chronic Liver","17","0"
"1-14 years","Chronic Pulmonary","2448","2"
"1-14 years","Current Smoker","27","0"
"1-14 years","Diabetes","173","0.1"
"1-14 years","Disability","546","0.4"
"1-14 years","Former Smoker","23","0"
"1-14 years","Hypertension","41","0"
"1-14 years","Immunocompromised","177","0.1"
"1-14 years","None","29679","24.1"
"1-14 years","Other","703","0.6"
"1-14 years","Psychological/Psychiatric","549","0.4"
"1-14 years","Severe/Morbid Obesity","78","0.1"
"1-14 years","Substance Abuse","5","0"
"15-24 years","Autoimmune","727","0.4"
"15-24 years","Cardiovascular","288","0.1"
"15-24 years","Chronic Kidney","111","0.1"
"15-24 years","Chronic Liver","58","0"
"15-24 years","Chronic Pulmonary","5255","2.6"
"15-24 years","Current Smoker","1657","0.8"
"15-24 years","Diabetes","568","0.3"
"15-24 years","Disability","860","0.4"
"15-24 years","Former Smoker","1217","0.6"
"15-24 years","Hypertension","304","0.2"
"15-24 years","Immunocompromised","405","0.2"
"15-24 years","None","41172","20.7"
"15-24 years","Other","1187","0.6"
"15-24 years","Psychological/Psychiatric","2874","1.5"
"15-24 years","Severe/Morbid Obesity","430","0.2"
"15-24 years","Substance Abuse","219","0.1"
"25-44 years","Autoimmune","2715","0.8"
"25-44 years","Cardiovascular","905","0.3"
"25-44 years","Chronic Kidney","472","0.1"
"25-44 years","Chronic Liver","343","0.1"
"25-44 years","Chronic Pulmonary","7577","2.2"
"25-44 years","Current Smoker","3302","1"
"25-44 years","Diabetes","3106","0.9"
"25-44 years","Disability","1288","0.4"
"25-44 years","Former Smoker","4120","1.2"
"25-44 years","Hypertension","3956","1.2"
"25-44 years","Immunocompromised","1270","0.4"
"25-44 years","None","55054","16.3"
"25-44 years","Other","3539","1"
"25-44 years","Psychological/Psychiatric","4452","1.3"
"25-44 years","Severe/Morbid Obesity","3212","1"
"25-44 years","Substance Abuse","549","0.2"
"45-64 years","Autoimmune","2302","1.2"
"45-64 years","Cardiovascular","2323","1.2"
"45-64 years","Chronic Kidney","959","0.5"
"45-64 years","Chronic Liver","487","0.3"
"45-64 years","Chronic Pulmonary","5746","3"
"45-64 years","Current Smoker","1549","0.8"
"45-64 years","Diabetes","7348","3.8"
"45-64 years","Disability","1345","0.7"
"45-64 years","Former Smoker","3212","1.7"
"45-64 years","Hypertension","9406","4.9"
"45-64 years","Immunocompromised","1459","0.8"
"45-64 years","None","27944","14.5"
"45-64 years","Other","4151","2.2"
"45-64 years","Psychological/Psychiatric","2192","1.2"
"45-64 years","Severe/Morbid Obesity","3176","1.7"
"45-64 years","Substance Abuse","308","0.2"
"65-84 years","Autoimmune","987","1.6"
"65-84 years","Cardiovascular","3462","5.4"
"65-84 years","Chronic Kidney","1408","2.2"
"65-84 years","Chronic Liver","257","0.4"
"65-84 years","Chronic Pulmonary","3035","4.8"
"65-84 years","Current Smoker","351","0.6"
"65-84 years","Diabetes","4977","7.8"
"65-84 years","Disability","1468","2.3"
"65-84 years","Former Smoker","1645","2.6"
"65-84 years","Hypertension","6666","10.6"
"65-84 years","Immunocompromised","999","1.6"
"65-84 years","None","6703","10.5"
"65-84 years","Other","3289","5.2"
"65-84 years","Psychological/Psychiatric","1300","2.1"
"65-84 years","Severe/Morbid Obesity","1424","2.3"
"65-84 years","Substance Abuse","89","0.1"
"85+ years","Autoimmune","74","1.1"
"85+ years","Cardiovascular","818","11.6"
"85+ years","Chronic Kidney","361","5.1"
"85+ years","Chronic Liver","21","0.3"
"85+ years","Chronic Pulmonary","343","4.9"
"85+ years","Current Smoker","12","0.2"
"85+ years","Diabetes","544","7.7"
"85+ years","Disability","557","8"
"85+ years","Former Smoker","148","2.1"
"85+ years","Hypertension","993","14.2"
"85+ years","Immunocompromised","117","1.7"
"85+ years","None","388","5.5"
"85+ years","Other","778","11"
"85+ years","Psychological/Psychiatric","350","5"
"85+ years","Severe/Morbid Obesity","70","1"
"85+ years","Substance Abuse","8","0.1"
