"County","Percent Compliant"
"Beaver","Suppressed"
"Box Elder","13"
"Cache","17"
"Carbon","5"
"Daggett","Suppressed"
"Davis","22"
"Duchesne","11"
"Emery","14"
"Garfield","Suppressed"
"Grand","18"
"Iron","18"
"Juab","10"
"Kane","Suppressed"
"Millard","4"
"Morgan","33"
"Piute","Suppressed"
"Rich","Suppressed"
"Salt Lake","34"
"San Juan","24"
"Sanpete","12"
"Sevier","7"
"Summit","32"
"Tooele","19"
"Uintah","17"
"Utah","19"
"Wasatch","26"
"Washington","17"
"Wayne","Suppressed"
"Weber","31"
