"School","District","Enrollment","Students enrolled in the school - active student cases (last 14 days)","Students enrolled in the school - % of students testing positive (14 days)"
"Alta High","Canyons District","2323","8","0.3%"
"Corner Canyon High","Canyons District","2372","6","0.3%"
"Midvale Middle","Canyons District","954","6","0.6%"
"Altara School","Canyons District","536","5","0.9%"
"Canyon View School","Canyons District","478","<5","<5 student cases"
"Butler Middle","Canyons District","915","<5","<5 student cases"
"Jordan High","Canyons District","1953","<5","<5 student cases"
"West High","Salt Lake District","2809","<5","<5 student cases"
"Albion Middle","Canyons District","963","<5","<5 student cases"
"Syracuse Arts Academy","Davis County - Charter","1034","<5","<5 student cases"
"Bastian Elementary School","Jordan District","979","<5","<5 student cases"
"Indian Hills Middle","Canyons District","1150","<5","<5 student cases"
"Riverton High","Jordan District","2172","<5","<5 student cases"
"Ignite Entrepreneurship Academy","Utah County - Charter","Enrollment data not available","<5","<5 student cases"
"Butler School","Canyons District","615","<5","<5 student cases"
"Granger High","Granite District","3287","<5","<5 student cases"
"Hillcrest High","Canyons District","2125","<5","<5 student cases"
"Spectrum Academy - Pleasant Grove","Utah County - Charter","624","<5","<5 student cases"
"Mount Jordan Middle","Canyons District","903","<5","<5 student cases"
"Park Lane School","Canyons District","364","<5","<5 student cases"
"Kaysville Jr High","Davis District","972","<5","<5 student cases"
"Eastmont Middle","Canyons District","674","<5","<5 student cases"
"Alta View School","Canyons District","608","<5","<5 student cases"
"Ben Lomond High","Ogden City District","1042","<5","<5 student cases"
"Edgemont School","Canyons District","324","<5","<5 student cases"
"Dancing Moose Montessori River Park","Salt Lake County - Charter","Enrollment data not available","<5","<5 student cases"
"Crescent School","Canyons District","430","<5","<5 student cases"
"Shoreline Junior High","Davis District","1106","<5","<5 student cases"
"Early Light Academy at Daybreak","Salt Lake County - Charter","952","<5","<5 student cases"
"Viewmont High","Davis District","1395","<5","<5 student cases"
"Sprucewood School","Canyons District","355","<5","<5 student cases"
"Copper Mountain Middle","Jordan District","1083","<5","<5 student cases"
"Silver Crest School","Jordan District","958","<5","<5 student cases"
"Old Mill School","Tooele District","570","<5","<5 student cases"
"East Ridge Elementary","Ogden City District","341","<5","<5 student cases"
"Open Classroom","Salt Lake County - Charter","312","<5","<5 student cases"
"Liberty School","Murray District","335","<5","<5 student cases"
"Salt Lake Center for Science Education","Salt Lake County - Charter","372","<5","<5 student cases"
"Ogden Preparatory Academy","Weber-Morgan - Charter","1039","<5","<5 student cases"
"Frontier Middle School","Alpine District","1426","<5","<5 student cases"
"Sunrise School","Canyons District","669","<5","<5 student cases"
"Peruvian Park School","Canyons District","532","<5","<5 student cases"
"Logan High","Logan City District","1548","<5","<5 student cases"
"Orem High","Alpine District","1290","<5","<5 student cases"
"Endeavour School","Davis District","796","<5","<5 student cases"
"Roosevelt School","Weber District","485","<5","<5 student cases"
"Dilworth School","Salt Lake District","473","<5","<5 student cases"
"Launch High","Iron District","136","<5","<5 student cases"
"Davinci Academy","Weber-Morgan - Charter","1283","<5","<5 student cases"
"Madeleine Choir School","Salt Lake County - Private","Enrollment data not available","<5","<5 student cases"
"New Bridge School","Ogden City District","487","<5","<5 student cases"
"Highland High","Salt Lake District","1861","<5","<5 student cases"
"Midvalley School","Canyons District","437","<5","<5 student cases"
"Olympus Jr High","Granite District","819","<5","<5 student cases"
"Brighton High","Canyons District","2184","<5","<5 student cases"
"Ecker Hill Middle","Park City District","766","<5","<5 student cases"
"Highmark Charter School","Davis County - Charter","659","<5","<5 student cases"
"Santaquin School","Nebo District","448","<5","<5 student cases"
"Pioneer School","Weber District","427","<5","<5 student cases"
"Sunburst School","Davis District","669","<5","<5 student cases"
"Delta Middle","Millard District","437","<5","<5 student cases"
"Nibley School","Cache District","408","<5","<5 student cases"
"Boulton School","Davis District","366","<5","<5 student cases"
"Creekside School","Davis District","565","<5","<5 student cases"
"No. UT. Acad. for Math Engineering & Science (NUAMES - Davis)","Davis County - Charter","730","<5","<5 student cases"
"Ogden High","Ogden City District","1051","<5","<5 student cases"
"St. Joseph Catholic Elem.","Weber-Morgan - Private","Enrollment data not available","<5","<5 student cases"
"Lindon School","Alpine District","615","<5","<5 student cases"
"Canyon Rim Academy","Salt Lake County - Charter","525","<5","<5 student cases"
"San Juan High","San Juan District","416","<5","<5 student cases"
"Park City Day School","Summit County - Charter/Private","Enrollment data not available","<5","<5 student cases"
"Roosevelt Elementary","Granite District","485","<5","<5 student cases"
"Valley High School","Jordan District","430","<5","<5 student cases"
"Roosevelt Jr High","Duchesne District","901","<5","<5 student cases"
"Timpview High","Provo District","2353","<5","<5 student cases"
"American Preparatory Academy - West Valley 2","Salt Lake County - Charter","Enrollment data not available","<5","<5 student cases"
"West Point Elementary","Davis District","833","<5","<5 student cases"
"Cedar Valley School","Alpine District","89","<5","<5 student cases"
"Olympus High","Granite District","2168","<5","<5 student cases"
"Kanab School","Kane District","458","<5","<5 student cases"
"Crimson Cliffs Middle","Washington District","949","<5","<5 student cases"
"Layton High","Davis District","2020","<5","<5 student cases"
"Garland School","Box Elder District","645","<5","<5 student cases"
"Country View School","Weber District","624","<5","<5 student cases"
"Fiddlers Canyon School","Iron District","545","<5","<5 student cases"
"Mountain High","Davis District","195","<5","<5 student cases"
"West Bountiful School","Davis District","576","<5","<5 student cases"
"Dugway","Tooele District","92","<5","<5 student cases"
"Utah Military Academy","Weber-Morgan - Charter","538","<5","<5 student cases"
"Taylorsville High","Granite District","1954","<5","<5 student cases"
"Mountain Creek Middle School","Jordan District","1156","<5","<5 student cases"
"Trailside School","Park City District","390","<5","<5 student cases"
"Vista School","Southwest Utah - Charter","1034","<5","<5 student cases"
"Woodstock School","Granite District","498","<5","<5 student cases"
"Mountain Green Elementary","Morgan District","523","<5","<5 student cases"
"Grand County High","Grand District","455","<5","<5 student cases"
"Longview School","Murray District","386","<5","<5 student cases"
"Silver Summit Academy","South Summit District","104","<5","<5 student cases"
"Mcgillis School","Salt Lake County - Private","Enrollment data not available","<5","<5 student cases"
"Bountiful High","Davis District","1347","<5","<5 student cases"
"Ranches Academy","Utah County - Charter","371","<5","<5 student cases"
"Joel P. Jensen Middle","Jordan District","882","<5","<5 student cases"
"Pleasant Green School","Granite District","442","<5","<5 student cases"
"West Hills Middle","Jordan District","1369","<5","<5 student cases"
"Antelope Canyon Elementary","Jordan District","582","<5","<5 student cases"
"Copper Canyon School","Jordan District","646","<5","<5 student cases"
"Mountain Heights Academy","Salt Lake County - Charter","1337","<5","<5 student cases"
"Foothill School","Alpine District","563","<5","<5 student cases"
"Clearfield High","Davis District","1955","<5","<5 student cases"
"Desert Hills Middle","Washington District","713","<5","<5 student cases"
"Mueller Park Jr High","Davis District","1038","<5","<5 student cases"
"Uintah Online School","Uintah District","612","<5","<5 student cases"
