"Date","Daily Cases","3-Day Moving Average","Smoothed 3-Day Moving Average","Status"
2020-03-18,9,0.36,0.84,"Incidence Growth"
2020-03-19,34,0.58,1.02,"Incidence Growth"
2020-03-20,26,0.71,1.19,"Incidence Growth"
2020-03-21,22,0.84,1.36,"Incidence Growth"
2020-03-22,82,1.33,1.53,"Incidence Growth"
2020-03-23,31,1.38,1.7,"Incidence Growth"
2020-03-24,68,1.86,1.86,"Incidence Growth"
2020-03-25,40,1.43,2.02,"Incidence Growth"
2020-03-26,86,1.99,2.18,"Incidence Growth"
2020-03-27,124,2.56,2.33,"Incidence Growth"
2020-03-28,115,3.33,2.48,"Incidence Growth"
2020-03-29,100,3.48,2.62,"Incidence Growth"
2020-03-30,113,3.36,2.75,"Incidence Growth"
2020-03-31,82,3.03,2.87,"Incidence Growth"
2020-04-01,81,2.83,2.98,"Incidence Growth"
2020-04-02,203,3.75,3.08,"Incidence Plateau"
2020-04-03,157,4.52,3.17,"Incidence Plateau"
2020-04-04,167,5.41,3.25,"Incidence Plateau"
2020-04-05,73,4.07,3.32,"Incidence Plateau"
2020-04-06,66,3.14,3.39,"Incidence Plateau"
2020-04-07,83,2.28,3.45,"Incidence Plateau"
2020-04-08,150,3.07,3.5,"Incidence Plateau"
2020-04-09,125,3.67,3.55,"Incidence Plateau"
2020-04-10,120,4.05,3.6,"Incidence Plateau"
2020-04-11,100,3.54,3.64,"Incidence Plateau"
2020-04-12,59,2.86,3.69,"Incidence Plateau"
2020-04-13,47,2.11,3.73,"Incidence Plateau"
2020-04-14,122,2.34,3.78,"Incidence Plateau"
2020-04-15,137,3.14,3.83,"Incidence Plateau"
2020-04-16,130,3.99,3.88,"Incidence Plateau"
2020-04-17,135,4.12,3.93,"Incidence Plateau"
2020-04-18,132,4.07,3.97,"Incidence Plateau"
2020-04-19,148,4.26,4.02,"Incidence Plateau"
2020-04-20,89,3.78,4.07,"Incidence Plateau"
2020-04-21,138,3.85,4.12,"Incidence Plateau"
2020-04-22,161,3.98,4.16,"Incidence Plateau"
2020-04-23,156,4.67,4.2,"Incidence Plateau"
2020-04-24,181,5.11,4.24,"Incidence Plateau"
2020-04-25,182,5.32,4.27,"Incidence Plateau"
2020-04-26,110,4.85,4.3,"Incidence Plateau"
2020-04-27,95,3.97,4.33,"Incidence Plateau"
2020-04-28,147,3.61,4.35,"Incidence Plateau"
2020-04-29,175,4.28,4.37,"Incidence Plateau"
2020-04-30,156,4.9,4.39,"Incidence Plateau"
2020-05-01,157,5.01,4.4,"Incidence Plateau"
2020-05-02,187,5.13,4.41,"Incidence Plateau"
2020-05-03,133,4.89,4.42,"Incidence Plateau"
2020-05-04,129,4.61,4.43,"Incidence Plateau"
2020-05-05,155,4.28,4.44,"Incidence Plateau"
2020-05-06,128,4.23,4.45,"Incidence Plateau"
2020-05-07,194,4.89,4.46,"Incidence Plateau"
2020-05-08,185,5.2,4.47,"Incidence Plateau"
2020-05-09,151,5.44,4.48,"Incidence Plateau"
2020-05-10,116,4.64,4.5,"Incidence Plateau"
2020-05-11,73,3.49,4.52,"Incidence Plateau"
2020-05-12,183,3.82,4.55,"Incidence Plateau"
2020-05-13,129,3.95,4.59,"Incidence Plateau"
2020-05-14,164,4.88,4.64,"Incidence Plateau"
2020-05-15,153,4.57,4.69,"Incidence Plateau"
2020-05-16,172,5.02,4.76,"Incidence Plateau"
2020-05-17,148,4.85,4.84,"Incidence Plateau"
2020-05-18,137,4.69,4.93,"Incidence Plateau"
2020-05-19,199,4.96,5.04,"Incidence Growth"
2020-05-20,160,5.09,5.16,"Incidence Growth"
2020-05-21,194,5.67,5.3,"Incidence Growth"
2020-05-22,183,5.51,5.45,"Incidence Growth"
2020-05-23,140,5.3,5.62,"Incidence Growth"
2020-05-24,131,4.66,5.8,"Incidence Growth"
2020-05-25,95,3.75,6.01,"Incidence Growth"
2020-05-26,85,3.19,6.23,"Incidence Growth"
2020-05-27,237,4.28,6.47,"Incidence Growth"
2020-05-28,333,6.72,6.72,"Incidence Growth"
2020-05-29,277,8.69,6.99,"Incidence Growth"
2020-05-30,272,9.05,7.27,"Incidence Growth"
2020-05-31,207,7.75,7.57,"Incidence Growth"
2020-06-01,202,6.98,7.87,"Incidence Growth"
2020-06-02,281,7.08,8.18,"Incidence Growth"
2020-06-03,312,8.15,8.49,"Incidence Growth"
2020-06-04,448,10.68,8.8,"Incidence Growth"
2020-06-05,546,13.4,9.12,"Incidence Growth"
2020-06-06,278,13.05,9.44,"Incidence Growth"
2020-06-07,283,11.35,9.77,"Incidence Growth"
2020-06-08,196,7.76,10.09,"Incidence Growth"
2020-06-09,312,8.11,10.43,"Incidence Growth"
2020-06-10,372,9.03,10.77,"Incidence Growth"
2020-06-11,336,10.46,11.11,"Incidence Growth"
2020-06-12,402,11.39,11.47,"Incidence Growth"
2020-06-13,340,11.06,11.82,"Incidence Growth"
2020-06-14,303,10.72,12.19,"Incidence Growth"
2020-06-15,318,9.86,12.56,"Incidence Growth"
2020-06-16,422,10.7,12.93,"Incidence Growth"
2020-06-17,487,12.59,13.31,"Incidence Growth"
2020-06-18,604,15.52,13.68,"Incidence Growth"
2020-06-19,648,17.84,14.06,"Incidence Growth"
2020-06-20,413,17.08,14.43,"Incidence Growth"
2020-06-21,453,15.53,14.79,"Incidence Growth"
2020-06-22,366,12.64,15.14,"Incidence Growth"
2020-06-23,490,13.43,15.48,"Incidence Growth"
2020-06-24,603,14.96,15.81,"Incidence Growth"
2020-06-25,653,17.91,16.13,"Incidence Growth"
2020-06-26,569,18.72,16.44,"Incidence Growth"
2020-06-27,497,17.63,16.73,"Incidence Growth"
2020-06-28,598,17.07,17.01,"Incidence Growth"
2020-06-29,535,16.72,17.28,"Incidence Growth"
2020-06-30,515,16.9,17.53,"Incidence Growth"
2020-07-01,568,16.6,17.77,"Incidence Growth"
2020-07-02,624,17.51,17.99,"Incidence Growth"
2020-07-03,679,19.19,18.2,"Incidence Growth"
2020-07-04,411,17.58,18.38,"Incidence Growth"
2020-07-05,535,16.67,18.55,"Incidence Growth"
2020-07-06,586,15.71,18.7,"Incidence Growth"
2020-07-07,751,19.2,18.82,"Incidence Growth"
2020-07-08,627,20.14,18.92,"Incidence Plateau"
2020-07-09,876,23.12,18.99,"Incidence Plateau"
2020-07-10,625,21.83,19.04,"Incidence Plateau"
2020-07-11,644,22,19.05,"Incidence Plateau"
2020-07-12,591,19.08,19.04,"Incidence Plateau"
2020-07-13,478,17.57,19,"Incidence Plateau"
2020-07-14,461,15.69,18.94,"Incidence Plateau"
2020-07-15,709,16.9,18.84,"Incidence Decline"
2020-07-16,747,19.66,18.71,"Incidence Decline"
2020-07-17,742,22.54,18.56,"Incidence Decline"
2020-07-18,803,23.51,18.38,"Incidence Decline"
2020-07-19,412,20.07,18.17,"Incidence Decline"
2020-07-20,447,17.05,17.94,"Incidence Decline"
2020-07-21,556,14.51,17.68,"Incidence Decline"
2020-07-22,511,15.53,17.41,"Incidence Decline"
2020-07-23,870,19.87,17.12,"Incidence Decline"
2020-07-24,668,21.02,16.81,"Incidence Decline"
2020-07-25,358,19.45,16.49,"Incidence Decline"
2020-07-26,435,14.99,16.16,"Incidence Decline"
2020-07-27,423,12.47,15.83,"Incidence Decline"
2020-07-28,340,12.29,15.5,"Incidence Decline"
2020-07-29,496,12.91,15.17,"Incidence Decline"
2020-07-30,507,13.77,14.84,"Incidence Decline"
2020-07-31,492,15.33,14.52,"Incidence Decline"
2020-08-01,481,15.18,14.21,"Incidence Decline"
2020-08-02,341,13.48,13.9,"Incidence Decline"
2020-08-03,370,12.23,13.6,"Incidence Decline"
2020-08-04,412,11.52,13.31,"Incidence Decline"
2020-08-05,578,13.95,13.03,"Incidence Decline"
2020-08-06,453,14.8,12.77,"Incidence Decline"
2020-08-07,384,14.51,12.51,"Incidence Decline"
2020-08-08,381,12.49,12.27,"Incidence Decline"
2020-08-09,272,10.64,12.05,"Incidence Decline"
2020-08-10,352,10.31,11.84,"Incidence Decline"
2020-08-11,321,9.69,11.65,"Incidence Decline"
2020-08-12,334,10.33,11.47,"Incidence Decline"
2020-08-13,558,12.44,11.32,"Incidence Decline"
2020-08-14,357,12.81,11.18,"Incidence Decline"
2020-08-15,339,12.86,11.06,"Incidence Decline"
2020-08-16,239,9.59,10.97,"Incidence Plateau"
2020-08-17,262,8.62,10.89,"Incidence Plateau"
2020-08-18,364,8.87,10.84,"Incidence Plateau"
2020-08-19,458,11.12,10.8,"Incidence Plateau"
2020-08-20,483,13.39,10.79,"Incidence Plateau"
2020-08-21,375,13.5,10.8,"Incidence Plateau"
2020-08-22,298,11.86,10.83,"Incidence Plateau"
2020-08-23,249,9.46,10.89,"Incidence Plateau"
2020-08-24,402,9.73,10.97,"Incidence Plateau"
2020-08-25,413,10.91,11.07,"Incidence Growth"
2020-08-26,387,12.33,11.2,"Incidence Growth"
2020-08-27,391,12.22,11.36,"Incidence Growth"
2020-08-28,473,12.83,11.55,"Incidence Growth"
2020-08-29,463,13.61,11.77,"Incidence Growth"
2020-08-30,256,12.23,12.02,"Incidence Growth"
2020-08-31,289,10.34,12.3,"Incidence Growth"
2020-09-01,422,9.92,12.62,"Incidence Growth"
2020-09-02,514,12.56,12.98,"Incidence Growth"
2020-09-03,507,14.8,13.38,"Incidence Growth"
2020-09-04,453,15.12,13.83,"Incidence Growth"
2020-09-05,403,13.98,14.31,"Incidence Growth"
2020-09-06,341,12.28,14.85,"Incidence Growth"
2020-09-07,316,10.87,15.43,"Incidence Growth"
2020-09-08,313,9.95,16.06,"Incidence Growth"
2020-09-09,388,10.43,16.72,"Incidence Growth"
2020-09-10,680,14.16,17.43,"Incidence Growth"
2020-09-11,589,17,18.17,"Incidence Growth"
2020-09-12,656,19.74,18.95,"Incidence Growth"
2020-09-13,557,18.48,19.75,"Incidence Growth"
2020-09-14,580,18.39,20.57,"Incidence Growth"
2020-09-15,747,19.32,21.4,"Incidence Growth"
2020-09-16,918,23.03,22.23,"Incidence Growth"
2020-09-17,1123,28.6,23.04,"Incidence Growth"
2020-09-18,1092,32.13,23.84,"Incidence Growth"
2020-09-19,919,32.14,24.62,"Incidence Growth"
2020-09-20,641,27.2,25.38,"Incidence Growth"
2020-09-21,636,22.52,26.11,"Incidence Growth"
2020-09-22,895,22.28,26.81,"Incidence Growth"
2020-09-23,1236,28.38,27.47,"Incidence Growth"
2020-09-24,1434,36.57,28.1,"Incidence Growth"
2020-09-25,1031,37.96,28.7,"Incidence Growth"
2020-09-26,1078,36.34,29.27,"Incidence Growth"
2020-09-27,886,30.72,29.82,"Incidence Growth"
2020-09-28,664,26.95,30.34,"Incidence Growth"
2020-09-29,925,25.39,30.84,"Incidence Growth"
2020-09-30,1003,26.59,31.32,"Incidence Growth"
2020-10-01,1131,31.38,31.79,"Incidence Growth"
2020-10-02,1102,33.19,32.26,"Incidence Growth"
2020-10-03,1391,37.17,32.72,"Incidence Growth"
2020-10-04,1085,36.7,33.18,"Incidence Growth"
2020-10-05,739,32.98,33.64,"Incidence Growth"
2020-10-06,995,28.91,34.11,"Incidence Growth"
2020-10-07,1511,33.28,34.59,"Incidence Growth"
2020-10-08,1368,39.73,35.09,"Incidence Growth"
2020-10-09,1373,43.61,35.6,"Incidence Growth"
2020-10-10,1218,40.61,36.13,"Incidence Growth"
2020-10-11,994,36.77,36.69,"Incidence Growth"
2020-10-12,960,32.53,37.28,"Incidence Growth"
2020-10-13,1149,31.83,37.92,"Incidence Growth"
2020-10-14,1516,37.18,38.61,"Incidence Growth"
2020-10-15,1524,42.97,39.35,"Incidence Growth"
2020-10-16,1333,44.85,40.15,"Incidence Growth"
2020-10-17,1125,40.84,41.03,"Incidence Growth"
2020-10-18,1180,37.31,41.97,"Incidence Growth"
2020-10-19,1056,34.47,42.99,"Incidence Growth"
2020-10-20,1299,36.26,44.1,"Incidence Growth"
2020-10-21,1652,41.1,45.29,"Incidence Growth"
2020-10-22,2020,50.99,46.57,"Incidence Growth"
2020-10-23,1634,54.42,47.94,"Incidence Growth"
2020-10-24,1827,56.22,49.4,"Incidence Growth"
2020-10-25,1176,47.56,50.95,"Incidence Growth"
2020-10-26,1134,42.43,52.59,"Incidence Growth"
2020-10-27,1590,40,54.32,"Incidence Growth"
2020-10-28,1860,47.02,56.13,"Incidence Growth"
2020-10-29,2393,59.93,58.03,"Incidence Growth"
2020-10-30,1727,61.34,60,"Incidence Growth"
2020-10-31,1874,61.48,62.05,"Incidence Growth"
2020-11-01,1209,49.34,64.17,"Incidence Growth"
2020-11-02,1686,48.91,66.34,"Incidence Growth"
2020-11-03,2135,51.59,68.55,"Incidence Growth"
2020-11-04,2844,68.36,70.75,"Incidence Growth"
2020-11-05,3047,82.32,72.95,"Incidence Growth"
2020-11-06,3007,91.26,75.12,"Incidence Growth"
2020-11-07,2454,87.26,77.23,"Incidence Growth"
2020-11-08,2248,79.07,79.27,"Incidence Growth"
2020-11-09,2439,73.24,81.21,"Incidence Growth"
2020-11-10,2318,71.85,83.05,"Incidence Growth"
2020-11-11,4001,89.83,84.75,"Incidence Growth"
2020-11-12,3442,100.12,86.3,"Incidence Growth"
2020-11-13,4120,118.6,87.69,"Incidence Growth"
2020-11-14,2664,104.89,88.91,"Incidence Growth"
2020-11-15,1989,89.98,89.95,"Incidence Growth"
2020-11-16,3188,80.42,90.8,"Incidence Growth"
2020-11-17,3004,83.91,91.45,"Incidence Growth"
2020-11-18,4006,104.6,91.92,"Incidence Growth"
2020-11-19,4643,119.52,92.21,"Incidence Growth"
2020-11-20,3402,123.6,92.34,"Incidence Plateau"
2020-11-21,3283,116.19,92.32,"Incidence Plateau"
2020-11-22,2223,91.37,92.16,"Incidence Plateau"
2020-11-23,2670,83.86,91.87,"Incidence Plateau"
2020-11-24,1784,68.48,91.48,"Incidence Plateau"
2020-11-25,3889,85.57,91.02,"Incidence Decline"
2020-11-26,2305,81.83,90.53,"Incidence Decline"
2020-11-27,2077,84.83,90.02,"Incidence Decline"
2020-11-28,1744,62.83,89.52,"Incidence Decline"
2020-11-29,1920,58.88,89.03,"Incidence Decline"
2020-11-30,2534,63.57,88.54,"Incidence Decline"
2020-12-01,4048,87.2,88.04,"Incidence Decline"
2020-12-02,3943,107.95,87.52,"Incidence Decline"
2020-12-03,2998,112.71,86.97,"Incidence Decline"
2020-12-04,3708,109.22,86.38,"Incidence Decline"
2020-12-05,2600,95.45,85.75,"Incidence Decline"
2020-12-06,2211,87.38,85.09,"Incidence Decline"
2020-12-07,2328,73.22,84.4,"Incidence Decline"
2020-12-08,2574,72.96,83.7,"Incidence Decline"
2020-12-09,3428,85.44,82.99,"Incidence Decline"
2020-12-10,3201,94.39,82.27,"Incidence Decline"
2020-12-11,2711,95.8,81.56,"Incidence Decline"
2020-12-12,2096,82.14,80.86,"Incidence Decline"
2020-12-13,1963,69.44,80.2,"Incidence Decline"
2020-12-14,1934,61.47,79.57,"Incidence Decline"
2020-12-15,3037,71.12,78.99,"Incidence Decline"
2020-12-16,3212,83.93,78.46,"Incidence Decline"
2020-12-17,2684,91.62,77.99,"Incidence Decline"
2020-12-18,2431,85.41,77.59,"Incidence Decline"
2020-12-19,2014,73.12,77.27,"Incidence Decline"
2020-12-20,1803,64.08,77.03,"Incidence Decline"
2020-12-21,2285,62.59,76.87,"Incidence Decline"
2020-12-22,2654,69.15,76.8,"Incidence Plateau"
2020-12-23,2925,80.66,76.83,"Incidence Plateau"
2020-12-24,2547,83.35,76.95,"Incidence Growth"
2020-12-25,991,66.29,77.18,"Incidence Growth"
2020-12-26,815,44.65,77.51,"Incidence Growth"
2020-12-27,1711,36.07,77.93,"Incidence Growth"
2020-12-28,2752,54.14,78.39,"Incidence Growth"
2020-12-29,2631,72.76,78.89,"Incidence Growth"
2020-12-30,4706,103.48,79.38,"Incidence Growth"
2020-12-31,3123,107.29,79.84,"Incidence Growth"
2021-01-01,1956,100.36,80.25,"Incidence Growth"
2021-01-02,1846,71.03,80.56,"Incidence Growth"
2021-01-03,2173,61.28,80.76,"Incidence Growth"
2021-01-04,3390,75.99,80.81,"Incidence Plateau"
2021-01-05,3820,96.24,80.68,"Incidence Plateau"
2021-01-06,4624,121.38,80.35,"Incidence Plateau"
2021-01-07,3842,126.01,79.81,"Incidence Plateau"
2021-01-08,2630,113.81,79.09,"Incidence Plateau"
2021-01-09,2325,90.23,78.18,"Incidence Decline"
2021-01-10,1474,65.94,77.1,"Incidence Decline"
2021-01-11,2149,61.01,75.85,"Incidence Decline"
2021-01-12,2918,67.09,74.45,"Incidence Decline"
2021-01-13,2757,80.25,72.92,"Incidence Decline"
2021-01-14,2424,83.07,71.28,"Incidence Decline"
2021-01-15,2159,75.28,69.57,"Incidence Decline"
2021-01-16,1581,63.22,67.8,"Incidence Decline"
2021-01-17,1072,49.36,66,"Incidence Decline"
2021-01-18,1308,40.63,64.18,"Incidence Decline"
2021-01-19,2152,46.48,62.35,"Incidence Decline"
2021-01-20,2094,56.97,60.52,"Incidence Decline"
2021-01-21,2640,70.63,58.69,"Incidence Decline"
2021-01-22,1764,66.65,56.88,"Incidence Decline"
2021-01-23,1507,60.63,55.09,"Incidence Decline"
2021-01-24,851,42.28,53.32,"Incidence Decline"
2021-01-25,1417,38.72,51.58,"Incidence Decline"
2021-01-26,2014,43.92,49.88,"Incidence Decline"
2021-01-27,1766,53.3,48.22,"Incidence Decline"
2021-01-28,1510,54.26,46.6,"Incidence Decline"
2021-01-29,1480,48.78,45.02,"Incidence Decline"
2021-01-30,1190,42.87,43.49,"Incidence Decline"
2021-01-31,585,33.39,42.01,"Incidence Decline"
2021-02-01,1200,30.51,40.58,"Incidence Decline"
2021-02-02,1591,34.63,39.2,"Incidence Decline"
2021-02-03,1273,41.68,37.88,"Incidence Decline"
2021-02-04,1223,41.92,36.61,"Incidence Decline"
2021-02-05,1208,37.99,35.4,"Incidence Decline"
2021-02-06,913,34.3,34.23,"Incidence Decline"
2021-02-07,514,27.03,33.12,"Incidence Decline"
2021-02-08,930,24.18,32.05,"Incidence Decline"
2021-02-09,1304,28.19,31.04,"Incidence Decline"
2021-02-10,1250,35.73,30.06,"Incidence Decline"
2021-02-11,1042,36.88,29.13,"Incidence Decline"
2021-02-12,943,33.18,28.24,"Incidence Decline"
2021-02-13,711,27.65,27.39,"Incidence Decline"
2021-02-14,463,21.71,26.58,"Incidence Decline"
2021-02-15,581,18,25.81,"Incidence Decline"
2021-02-16,897,19.91,25.07,"Incidence Decline"
2021-02-17,1147,26.92,24.36,"Incidence Decline"
2021-02-18,858,29.77,23.68,"Incidence Decline"
2021-02-19,783,28.6,23.03,"Incidence Decline"
2021-02-20,705,24.06,22.41,"Incidence Decline"
2021-02-21,334,18.69,21.82,"Incidence Decline"
2021-02-22,714,17.98,21.25,"Incidence Decline"
2021-02-23,823,19.19,20.7,"Incidence Decline"
2021-02-24,833,24.31,20.18,"Incidence Decline"
2021-02-25,655,23.7,19.68,"Incidence Decline"
2021-02-26,687,22.31,19.2,"Incidence Decline"
2021-02-27,465,18.53,18.75,"Incidence Decline"
2021-02-28,263,14.51,18.32,"Incidence Decline"
2021-03-01,483,12.42,17.91,"Incidence Decline"
2021-03-02,723,15.07,17.53,"Incidence Decline"
2021-03-03,618,18.71,17.18,"Incidence Decline"
2021-03-04,553,19.43,16.85,"Incidence Decline"
2021-03-05,560,17.75,16.54,"Incidence Decline"
2021-03-06,415,15.67,16.25,"Incidence Decline"
2021-03-07,253,12.6,15.98,"Incidence Decline"
2021-03-08,558,12.57,15.72,"Incidence Decline"
2021-03-09,654,15.03,15.49,"Incidence Decline"
2021-03-10,662,19.22,15.27,"Incidence Decline"
2021-03-11,521,18.84,15.06,"Incidence Decline"
2021-03-12,494,17.2,14.86,"Incidence Decline"
2021-03-13,398,14.49,14.67,"Incidence Decline"
2021-03-14,221,11.42,14.48,"Incidence Decline"
2021-03-15,484,11.31,14.31,"Incidence Decline"
2021-03-16,695,14.36,14.14,"Incidence Decline"
2021-03-17,566,17.9,13.98,"Incidence Decline"
2021-03-18,447,17.52,13.83,"Incidence Decline"
2021-03-19,457,15.08,13.69,"Incidence Decline"
2021-03-20,371,13.08,13.55,"Incidence Decline"
2021-03-21,162,10.15,13.42,"Incidence Decline"
2021-03-22,386,9.43,13.29,"Incidence Decline"
2021-03-23,566,11.43,13.18,"Incidence Decline"
2021-03-24,531,15.21,13.07,"Incidence Decline"
2021-03-25,450,15.87,12.96,"Incidence Plateau"
2021-03-26,453,14.71,12.87,"Incidence Plateau"
2021-03-27,387,13.23,12.78,"Incidence Plateau"
2021-03-28,191,10.57,12.7,"Incidence Plateau"
2021-03-29,370,9.72,12.62,"Incidence Plateau"
2021-03-30,521,11.1,12.55,"Incidence Plateau"
2021-03-31,495,14.22,12.49,"Incidence Plateau"
2021-04-01,425,14.78,12.43,"Incidence Plateau"
2021-04-02,447,14.02,12.38,"Incidence Plateau"
2021-04-03,343,12.46,12.33,"Incidence Plateau"
2021-04-04,173,9.88,12.28,"Incidence Plateau"
2021-04-05,306,8.43,12.24,"Incidence Plateau"
2021-04-06,612,11.19,12.2,"Incidence Plateau"
2021-04-07,485,14.39,12.17,"Incidence Plateau"
2021-04-08,443,15.8,12.13,"Incidence Plateau"
2021-04-09,404,13.66,12.1,"Incidence Plateau"
2021-04-10,344,12.22,12.07,"Incidence Plateau"
2021-04-11,184,9.56,12.04,"Incidence Plateau"
2021-04-12,361,9.12,12.01,"Incidence Plateau"
2021-04-13,532,11.05,11.97,"Incidence Plateau"
2021-04-14,453,13.81,11.94,"Incidence Plateau"
2021-04-15,466,14.88,11.91,"Incidence Plateau"
2021-04-16,411,13.64,11.87,"Incidence Plateau"
2021-04-17,244,11.5,11.84,"Incidence Plateau"
2021-04-18,199,8.76,11.8,"Incidence Plateau"
2021-04-19,314,7.76,11.76,"Incidence Plateau"
2021-04-20,592,11.33,11.72,"Incidence Plateau"
2021-04-21,464,14.05,11.67,"Incidence Plateau"
2021-04-22,348,14.4,11.62,"Incidence Plateau"
2021-04-23,466,13.11,11.57,"Incidence Plateau"
2021-04-24,280,11.22,11.51,"Incidence Plateau"
2021-04-25,246,10.17,11.45,"Incidence Plateau"
2021-04-26,330,8.78,11.38,"Incidence Plateau"
2021-04-27,525,11.29,11.3,"Incidence Plateau"
2021-04-28,459,13.48,11.22,"Incidence Plateau"
2021-04-29,342,13.6,11.13,"Incidence Plateau"
2021-04-30,409,12.41,11.03,"Incidence Plateau"
2021-05-01,277,10.54,10.93,"Incidence Decline"
2021-05-02,227,9.36,10.82,"Incidence Decline"
2021-05-03,261,7.85,10.71,"Incidence Decline"
2021-05-04,480,9.93,10.59,"Incidence Decline"
2021-05-05,397,11.67,10.47,"Incidence Decline"
2021-05-06,384,12.93,10.34,"Incidence Decline"
2021-05-07,361,11.71,10.21,"Incidence Decline"
2021-05-08,232,10.02,10.07,"Incidence Decline"
2021-05-09,208,8.22,9.93,"Incidence Decline"
2021-05-10,219,6.76,9.79,"Incidence Decline"
2021-05-11,463,9.13,9.64,"Incidence Decline"
2021-05-12,416,11.26,9.49,"Incidence Decline"
2021-05-13,344,12.54,9.34,"Incidence Decline"
2021-05-14,320,11.08,9.18,"Incidence Decline"
2021-05-15,247,9.34,9.02,"Incidence Decline"
2021-05-16,170,7.56,8.87,"Incidence Decline"
2021-05-17,255,6.89,8.71,"Incidence Decline"
2021-05-18,427,8.74,8.55,"Incidence Decline"
2021-05-19,265,9.71,8.4,"Incidence Decline"
2021-05-20,298,10.15,8.25,"Incidence Decline"
2021-05-21,260,8.44,8.11,"Incidence Decline"
2021-05-22,224,8.02,7.97,"Incidence Decline"
2021-05-23,148,6.48,7.85,"Incidence Decline"
2021-05-24,189,5.75,7.73,"Incidence Decline"
2021-05-25,277,6.3,7.63,"Incidence Plateau"
2021-05-26,307,7.93,7.54,"Incidence Plateau"
2021-05-27,275,8.81,7.47,"Incidence Plateau"
2021-05-28,198,8,7.41,"Incidence Plateau"
2021-05-29,170,6.6,7.37,"Incidence Plateau"
2021-05-30,140,5.21,7.35,"Incidence Plateau"
2021-05-31,113,4.34,7.34,"Incidence Plateau"
2021-06-01,204,4.69,7.35,"Incidence Plateau"
2021-06-02,338,6.72,7.38,"Incidence Plateau"
2021-06-03,287,8.5,7.42,"Incidence Plateau"
2021-06-04,306,9.55,7.48,"Incidence Plateau"
2021-06-05,220,8.34,7.55,"Incidence Plateau"
2021-06-06,174,7.18,7.63,"Incidence Plateau"
2021-06-07,251,6.62,7.72,"Incidence Plateau"
2021-06-08,368,8.13,7.82,"Incidence Growth"
2021-06-09,317,9.6,7.93,"Incidence Growth"
2021-06-10,265,9.74,8.04,"Incidence Growth"
2021-06-11,356,9.62,8.16,"Incidence Growth"
2021-06-12,190,8.32,8.29,"Incidence Growth"
2021-06-13,169,7.33,8.42,"Incidence Growth"
2021-06-14,239,6.13,8.56,"Incidence Growth"
2021-06-15,412,8.41,8.71,"Incidence Growth"
2021-06-16,371,10.48,8.86,"Incidence Growth"
2021-06-17,323,11.34,9.02,"Incidence Growth"
2021-06-18,288,10.07,9.19,"Incidence Growth"
2021-06-19,252,8.85,9.36,"Incidence Growth"
2021-06-20,161,7.19,9.54,"Incidence Growth"
2021-06-21,253,6.83,9.73,"Incidence Growth"
2021-06-22,523,9.61,9.93,"Incidence Growth"
2021-06-23,458,12.66,10.13,"Incidence Growth"
2021-06-24,311,13.25,10.34,"Incidence Growth"
2021-06-25,351,11.49,10.56,"Incidence Growth"
2021-06-26,280,9.66,10.78,"Incidence Growth"
2021-06-27,252,9.06,11.01,"Incidence Growth"
2021-06-28,373,9.28,11.25,"Incidence Growth"
2021-06-29,565,12.21,11.5,"Incidence Growth"
2021-06-30,542,15.18,11.75,"Incidence Growth"
2021-07-01,436,15.83,12.01,"Incidence Growth"
2021-07-02,478,14.93,12.29,"Incidence Growth"
2021-07-03,348,12.94,12.57,"Incidence Growth"
2021-07-04,161,10.12,12.86,"Incidence Growth"
2021-07-05,164,6.9,13.17,"Incidence Growth"
2021-07-06,393,7.36,13.5,"Incidence Growth"
2021-07-07,671,12.6,13.84,"Incidence Growth"
2021-07-08,649,17.57,14.2,"Incidence Growth"
2021-07-09,458,18.24,14.58,"Incidence Growth"
2021-07-10,483,16.31,14.97,"Incidence Growth"
2021-07-11,261,12.33,15.37,"Incidence Growth"
2021-07-12,480,12.55,15.79,"Incidence Growth"
2021-07-13,600,13.75,16.21,"Incidence Growth"
2021-07-14,692,18.18,16.64,"Incidence Growth"
2021-07-15,681,20.24,17.09,"Incidence Growth"
2021-07-16,624,20.48,17.53,"Incidence Growth"
2021-07-17,514,18.66,17.98,"Incidence Growth"
2021-07-18,403,15.81,18.44,"Incidence Growth"
2021-07-19,566,15.21,18.89,"Incidence Growth"
2021-07-20,866,18.82,19.35,"Incidence Growth"
2021-07-21,816,23.06,19.8,"Incidence Growth"
2021-07-22,767,25.12,20.26,"Incidence Growth"
2021-07-23,668,23.09,20.72,"Incidence Growth"
2021-07-24,504,19.89,21.18,"Incidence Growth"
2021-07-25,331,15.42,21.64,"Incidence Growth"
2021-07-26,613,14.85,22.09,"Incidence Growth"
2021-07-27,839,18.29,22.54,"Incidence Growth"
2021-07-28,1109,26.27,22.98,"Incidence Growth"
2021-07-29,1215,32.44,23.4,"Incidence Growth"
2021-07-30,955,33.63,23.82,"Incidence Growth"
2021-07-31,787,30.33,24.22,"Incidence Growth"
2021-08-01,498,22.98,24.61,"Incidence Growth"
2021-08-02,734,20.71,25,"Incidence Growth"
2021-08-03,1049,23.4,25.38,"Incidence Growth"
2021-08-04,1096,29.53,25.76,"Incidence Growth"
2021-08-05,895,31.18,26.13,"Incidence Growth"
2021-08-06,947,30.13,26.52,"Incidence Growth"
2021-08-07,660,25.66,26.91,"Incidence Growth"
2021-08-08,402,20.61,27.33,"Incidence Growth"
2021-08-09,635,17.41,27.76,"Incidence Growth"
2021-08-10,1109,22.01,28.22,"Incidence Growth"
2021-08-11,1242,30.63,28.7,"Incidence Growth"
2021-08-12,885,33.19,29.21,"Incidence Growth"
2021-08-13,1137,33.48,29.74,"Incidence Growth"
2021-08-14,881,29.78,30.3,"Incidence Growth"
2021-08-15,418,24.99,30.88,"Incidence Growth"
2021-08-16,971,23.28,31.48,"Incidence Growth"
2021-08-17,1484,29.47,32.1,"Incidence Growth"
2021-08-18,1282,38.33,32.74,"Incidence Growth"
2021-08-19,1122,39.88,33.39,"Incidence Growth"
2021-08-20,1216,37.13,34.06,"Incidence Growth"
2021-08-21,860,32.8,34.74,"Incidence Growth"
2021-08-22,646,27.92,35.43,"Incidence Growth"
2021-08-23,1139,27.13,36.12,"Incidence Growth"
2021-08-24,1581,34.52,36.82,"Incidence Growth"
2021-08-25,1492,43.2,37.51,"Incidence Growth"
2021-08-26,1298,44.83,38.19,"Incidence Growth"
2021-08-27,1598,45.01,38.87,"Incidence Growth"
2021-08-28,1121,41.2,39.53,"Incidence Growth"
2021-08-29,597,34.01,40.18,"Incidence Growth"
2021-08-30,1221,30.14,40.81,"Incidence Growth"
2021-08-31,1677,35.85,41.41,"Incidence Growth"
2021-09-01,1689,47.05,41.98,"Incidence Growth"
2021-09-02,1627,51.21,42.52,"Incidence Growth"
2021-09-03,1870,53.19,43.03,"Incidence Growth"
2021-09-04,1185,48.02,43.51,"Incidence Growth"
2021-09-05,916,40.73,43.94,"Incidence Growth"
2021-09-06,707,28.8,44.33,"Incidence Growth"
2021-09-07,1533,32.37,44.68,"Incidence Growth"
2021-09-08,2164,45.17,44.98,"Incidence Growth"
2021-09-09,2189,60.37,45.23,"Incidence Growth"
2021-09-10,1843,63.55,45.43,"Incidence Growth"
2021-09-11,1358,55.28,45.56,"Incidence Growth"
2021-09-12,1020,43.29,45.63,"Incidence Plateau"
2021-09-13,1267,37.39,45.65,"Incidence Plateau"
2021-09-14,1880,42.74,45.61,"Incidence Plateau"
2021-09-15,1884,51.6,45.52,"Incidence Plateau"
2021-09-16,1752,56.58,45.4,"Incidence Plateau"
2021-09-17,1369,51.34,45.24,"Incidence Decline"
2021-09-18,1124,43.54,45.05,"Incidence Decline"
2021-09-19,896,34.76,44.84,"Incidence Decline"
2021-09-20,1332,34.38,44.61,"Incidence Decline"
2021-09-21,1716,40.45,44.38,"Incidence Decline"
2021-09-22,1608,47.76,44.14,"Incidence Decline"
2021-09-23,1671,51.23,43.9,"Incidence Decline"
2021-09-24,1360,47.58,43.68,"Incidence Decline"
2021-09-25,1027,41.62,43.46,"Incidence Decline"
2021-09-26,794,32.63,43.25,"Incidence Decline"
2021-09-27,1123,30.2,43.05,"Incidence Decline"
2021-09-28,1794,38.06,42.87,"Incidence Decline"
2021-09-29,1696,47.31,42.71,"Incidence Decline"
2021-09-30,1721,53.45,42.57,"Incidence Decline"
2021-10-01,1369,49.09,42.44,"Incidence Decline"
2021-10-02,1078,42.75,42.32,"Incidence Decline"
2021-10-03,843,33.74,42.22,"Incidence Plateau"
2021-10-04,1255,32.58,42.14,"Incidence Plateau"
2021-10-05,1972,41.75,42.06,"Incidence Plateau"
2021-10-06,1750,51.05,42.01,"Incidence Plateau"
2021-10-07,1655,55.15,41.97,"Incidence Plateau"
2021-10-08,1245,47.69,41.95,"Incidence Plateau"
2021-10-09,858,38.55,41.95,"Incidence Plateau"
2021-10-10,1223,34.11,41.98,"Incidence Plateau"
2021-10-11,1095,32.58,42.03,"Incidence Plateau"
2021-10-12,1825,42.49,42.11,"Incidence Plateau"
2021-10-13,1240,42.67,42.23,"Incidence Growth"
2021-10-14,1504,46.86,42.39,"Incidence Growth"
2021-10-15,1322,41.7,42.58,"Incidence Growth"
2021-10-16,1090,40.17,42.82,"Incidence Growth"
2021-10-17,631,31.21,43.09,"Incidence Growth"
2021-10-18,1350,31.5,43.38,"Incidence Growth"
2021-10-19,1378,34.45,43.7,"Incidence Growth"
2021-10-20,2343,52.01,44.05,"Incidence Growth"
2021-10-21,1640,54.99,44.4,"Incidence Growth"
2021-10-22,1673,58.01,44.77,"Incidence Growth"
2021-10-23,1248,46.78,45.14,"Incidence Growth"
2021-10-24,727,37.42,45.51,"Incidence Growth"
2021-10-25,1626,36.93,45.88,"Incidence Growth"
2021-10-26,2037,45.03,46.23,"Incidence Growth"
2021-10-27,1833,56.37,46.57,"Incidence Growth"
2021-10-28,1810,58.26,46.9,"Incidence Growth"
2021-10-29,1613,53.91,47.22,"Incidence Growth"
2021-10-30,636,41.63,47.51,"Incidence Growth"
2021-10-31,966,32.98,47.79,"Incidence Growth"
2021-11-01,1271,29.47,48.06,"Incidence Growth"
2021-11-02,2116,44.65,48.3,"Incidence Growth"
2021-11-03,2257,57.89,48.51,"Incidence Growth"
2021-11-04,1878,64.12,48.69,"Incidence Growth"
2021-11-05,2021,63.14,48.83,"Incidence Growth"
2021-11-06,806,48.26,48.92,"Incidence Plateau"
2021-11-07,1206,41.37,48.97,"Incidence Plateau"
2021-11-08,1544,36.47,48.96,"Incidence Plateau"
2021-11-09,1544,44.04,48.9,"Incidence Plateau"
2021-11-10,2077,52.98,48.78,"Incidence Plateau"
2021-11-11,1774,55.34,48.61,"Incidence Decline"
2021-11-12,2036,60.38,48.37,"Incidence Decline"
2021-11-13,1308,52.49,48.07,"Incidence Decline"
2021-11-14,1150,46.09,47.71,"Incidence Decline"
2021-11-15,1260,38.13,47.29,"Incidence Decline"
2021-11-16,2097,46.23,46.8,"Incidence Decline"
2021-11-17,1793,52.82,46.25,"Incidence Decline"
2021-11-18,1767,58.02,45.63,"Incidence Decline"
2021-11-19,1575,52.67,44.96,"Incidence Decline"
2021-11-20,1223,46.82,44.24,"Incidence Decline"
2021-11-21,1038,39.35,43.47,"Incidence Decline"
2021-11-22,1161,35.1,42.68,"Incidence Decline"
2021-11-23,1758,40.59,41.85,"Incidence Decline"
2021-11-24,1554,45.88,41,"Incidence Decline"
2021-11-25,885,43.05,40.14,"Incidence Decline"
2021-11-26,558,30.74,39.26,"Incidence Decline"
2021-11-27,1014,25.2,38.38,"Incidence Decline"
2021-11-28,903,25.39,37.49,"Incidence Decline"
2021-11-29,1186,31.83,36.6,"Incidence Decline"
2021-11-30,2296,44.98,35.72,"Incidence Decline"
2021-12-01,1971,55.93,34.83,"Incidence Decline"
2021-12-02,1881,63.06,33.95,"Incidence Decline"
2021-12-03,1428,54.16,33.06,"Incidence Decline"
2021-12-04,1166,45.9,32.17,"Incidence Decline"
2021-12-05,908,35.92,31.32,"Incidence Decline"
2021-12-06,1120,32.76,30.52,"Incidence Decline"
2021-12-07,1423,35.4,29.82,"Incidence Decline"
2021-12-08,1376,40.2,29.25,"Incidence Decline"
2021-12-09,1329,42.34,28.83,"Incidence Decline"
2021-12-10,1083,38.85,28.61,"Incidence Decline"
2021-12-11,874,33.7,28.62,"Incidence Growth"
2021-12-12,745,27.71,28.92,"Incidence Growth"
2021-12-13,904,25.88,29.56,"Incidence Growth"
2021-12-14,1282,30.06,30.57,"Incidence Growth"
2021-12-15,1116,33.87,32.01,"Incidence Growth"
2021-12-16,1021,35.07,33.93,"Incidence Growth"
2021-12-17,910,31.25,36.36,"Incidence Growth"
2021-12-18,866,28.69,39.35,"Incidence Growth"
2021-12-19,758,25.99,42.95,"Incidence Growth"
2021-12-20,805,24.91,47.21,"Incidence Growth"
2021-12-21,1383,30.22,52.16,"Incidence Growth"
2021-12-22,1272,35.49,57.82,"Incidence Growth"
2021-12-23,1480,42.41,64.21,"Incidence Growth"
2021-12-24,1307,41.63,71.34,"Incidence Growth"
2021-12-25,1215,41.05,79.23,"Incidence Growth"
2021-12-26,621,32.24,87.88,"Incidence Growth"
2021-12-27,1779,37.08,97.24,"Incidence Growth"
2021-12-28,3244,57.89,107.24,"Incidence Growth"
2021-12-29,3554,87.97,117.82,"Incidence Growth"
2021-12-30,4648,117.4,128.9,"Incidence Growth"
2021-12-31,3789,122.99,140.42,"Incidence Growth"
2022-01-01,3229,119.66,152.3,"Incidence Growth"
2022-01-02,3068,103.45,164.41,"Incidence Growth"
2022-01-03,4573,111.49,176.58,"Incidence Growth"
2022-01-04,7096,151.15,188.67,"Incidence Growth"
2022-01-05,8872,210.68,200.53,"Incidence Growth"
2022-01-06,9295,259.12,212,"Incidence Growth"
2022-01-07,9312,281.85,222.92,"Incidence Growth"
2022-01-08,8429,277.3,233.16,"Incidence Growth"
2022-01-09,6262,246.19,242.55,"Incidence Growth"
2022-01-10,10049,253.75,250.96,"Incidence Growth"
2022-01-11,10340,273.35,258.22,"Incidence Growth"
2022-01-12,13034,342.81,264.2,"Incidence Growth"
2022-01-13,11189,354.51,268.86,"Incidence Growth"
2022-01-14,13518,387.1,272.15,"Incidence Growth"
2022-01-15,10070,356.7,274.04,"Incidence Growth"
2022-01-16,6325,306.81,274.49,"Incidence Plateau"
2022-01-17,9902,269.72,273.48,"Incidence Plateau"
2022-01-18,12565,295.31,270.98,"Incidence Plateau"
2022-01-19,11596,349.38,267.07,"Incidence Plateau"
2022-01-20,11600,366.79,261.85,"Incidence Plateau"
2022-01-21,10591,346.55,255.41,"Incidence Decline"
2022-01-22,6834,297.7,247.86,"Incidence Decline"
2022-01-23,4542,225.31,239.29,"Incidence Decline"
2022-01-24,6603,184.41,229.85,"Incidence Decline"
2022-01-25,7460,190.83,219.7,"Incidence Decline"
2022-01-26,6980,215.83,208.99,"Incidence Decline"
2022-01-27,6159,211.28,197.87,"Incidence Decline"
2022-01-28,4791,183.9,186.5,"Incidence Decline"
2022-01-29,3196,145.09,175.03,"Incidence Decline"
2022-01-30,2312,105.63,163.56,"Incidence Decline"
2022-01-31,2830,85.52,152.21,"Incidence Decline"
2022-02-01,3612,89.79,141.07,"Incidence Decline"
2022-02-02,3458,101.54,130.25,"Incidence Decline"
2022-02-03,2800,101.23,119.84,"Incidence Decline"
2022-02-04,2500,89.83,109.88,"Incidence Decline"
2022-02-05,1721,72.01,100.39,"Incidence Decline"
2022-02-06,1317,56.8,91.41,"Incidence Decline"
2022-02-07,1343,44.94,82.94,"Incidence Decline"
2022-02-08,2019,47.99,75.03,"Incidence Decline"
2022-02-09,1959,54.58,67.68,"Incidence Decline"
2022-02-10,1789,59.15,60.88,"Incidence Decline"
2022-02-11,1347,52.26,54.62,"Incidence Decline"
2022-02-12,1116,43.61,48.88,"Incidence Decline"
2022-02-13,654,31.97,43.63,"Incidence Decline"
2022-02-14,767,26.02,38.85,"Incidence Decline"
2022-02-15,1408,29.02,34.52,"Incidence Decline"
2022-02-16,1025,32.82,30.61,"Incidence Decline"
2022-02-17,1032,35.54,27.1,"Incidence Decline"
2022-02-18,843,29.74,23.95,"Incidence Decline"
2022-02-19,564,25.02,21.15,"Incidence Decline"
2022-02-20,376,18.29,18.65,"Incidence Decline"
2022-02-21,313,12.85,16.45,"Incidence Decline"
2022-02-22,659,13.83,14.5,"Incidence Decline"
2022-02-23,663,16.77,12.8,"Incidence Decline"
2022-02-24,477,18.45,11.32,"Incidence Decline"
2022-02-25,424,16.04,10.03,"Incidence Decline"
2022-02-26,332,12.65,8.92,"Incidence Decline"
2022-02-27,174,9.54,7.96,"Incidence Decline"
2022-02-28,297,8.24,7.15,"Incidence Decline"
2022-03-01,451,9.46,6.45,"Incidence Decline"
2022-03-02,404,11.82,5.87,"Incidence Decline"
2022-03-03,271,11.55,5.37,"Incidence Decline"
2022-03-04,234,9.32,4.95,"Incidence Decline"
2022-03-05,204,7.27,4.61,"Incidence Decline"
2022-03-06,101,5.53,4.32,"Incidence Decline"
2022-03-07,138,4.54,4.09,"Incidence Decline"
2022-03-08,218,4.69,3.9,"Incidence Decline"
2022-03-09,205,5.75,3.74,"Incidence Decline"
2022-03-10,247,6.87,3.62,"Incidence Decline"
2022-03-11,163,6.31,3.53,"Incidence Plateau"
2022-03-12,124,5.48,3.46,"Incidence Plateau"
2022-03-13,82,3.78,3.41,"Incidence Plateau"
2022-03-14,121,3.35,3.38,"Incidence Plateau"
2022-03-15,185,3.98,3.35,"Incidence Plateau"
2022-03-16,171,4.89,3.33,"Incidence Plateau"
2022-03-17,121,4.89,3.32,"Incidence Plateau"
2022-03-18,173,4.77,3.31,"Incidence Plateau"
2022-03-19,102,4.06,3.31,"Incidence Plateau"
2022-03-20,67,3.51,3.31,"Incidence Plateau"
2022-03-21,119,2.95,3.31,"Incidence Plateau"
2022-03-22,125,3.19,3.31,"Incidence Plateau"
2022-03-23,160,4.14,3.31,"Incidence Plateau"
2022-03-24,142,4.38,3.31,"Incidence Plateau"
2022-03-25,110,4.23,3.31,"Incidence Plateau"
2022-03-26,87,3.48,3.31,"Incidence Plateau"
2022-03-27,60,2.64,3.31,"Incidence Plateau"
2022-03-28,100,2.53,3.31,"Incidence Plateau"
2022-03-29,134,3.02,3.31,"Incidence Plateau"
2022-03-30,145,3.89,3.31,"Incidence Plateau"
