"Name","14 Day Total Cases","14 Day Rate / 100k","Level","Data Note"
"1-1 Brigham City","5","1-5 Cases","1-5 Cases","Unstable, interpret with caution"
"12-10 Riverdale","12","42.27","Moderate Rate (>10-50)","Stable"
"3-11 Clearfield Area/Hooper","34","45.57","Moderate Rate (>10-50)","Stable"
"3-12 Layton/South Weber","32","37.27","Moderate Rate (>10-50)","Stable"
"3-13.1 Kaysville/Fruit Heights","20","50.03","Moderately High Rate (>50-100)","Stable"
"3-13.2 Syracuse","11","35.23","Moderate Rate (>10-50)","Unstable, interpret with caution"
"3-14.1 Centerville","15","82.87","Moderately High Rate (>50-100)","Stable"
"3-14.2 Farmington","12","49.15","Moderate Rate (>10-50)","Stable"
"3-15.1 North Salt Lake","13","61.05","Moderately High Rate (>50-100)","Stable"
"3-15.2 Woods Cross/West Bountiful","9","57.88","Moderately High Rate (>50-100)","Unstable, interpret with caution"
"3-16 Bountiful","40","82.7","Moderately High Rate (>50-100)","Stable"
"4-17 Salt Lake City (Rose Park)","17","45.26","Moderate Rate (>10-50)","Stable"
"4-18 Salt Lake City (Avenues)","32","134.25","High Rate (>100-200)","Stable"
"4-19.1 Salt Lake City (Foothill/East Bench)","16","75.4","Moderately High Rate (>50-100)","Stable"
"1-2.2 Tremonton","8","43.99","Moderate Rate (>10-50)","Unstable, interpret with caution"
"4-20 Magna","13","45.79","Moderate Rate (>10-50)","Stable"
"4-21.1 Salt Lake City (Glendale) V2","16","64.55","Moderately High Rate (>50-100)","Stable"
"4-22.1 West Valley (Center)","17","33.25","Moderate Rate (>10-50)","Stable"
"4-22.2 West Valley (West) V2","12","37.52","Moderate Rate (>10-50)","Stable"
"4-23.1 West Valley (East) V2","24","46.1","Moderate Rate (>10-50)","Stable"
"4-24.1 Salt Lake City (Downtown) V2","45","114.4","High Rate (>100-200)","Stable"
"4-24.2 Salt Lake City (Southeast Liberty)","29","132.57","High Rate (>100-200)","Stable"
"4-25 South Salt Lake","34","126.54","High Rate (>100-200)","Stable"
"4-26.1 Salt Lake City (Sugar House)","22","61.85","Moderately High Rate (>50-100)","Stable"
"4-26.2 Millcreek (South)","9","42.33","Moderate Rate (>10-50)","Unstable, interpret with caution"
"4-26.3 Millcreek (East)","16","66.66","Moderately High Rate (>50-100)","Stable"
"4-27.1 Holladay V2","13","52.42","Moderately High Rate (>50-100)","Stable"
"4-28 Cottonwood","41","97.82","Moderately High Rate (>50-100)","Stable"
"4-29.1 Kearns V2","10","24.73","Moderate Rate (>10-50)","Unstable, interpret with caution"
"1-3.1 Logan V2","24","40.72","Moderate Rate (>10-50)","Stable"
"1-3.2 North Logan","<5","1-5 Cases","1-5 Cases","Unstable, interpret with caution"
"4-30 Taylorsville (East)/Murray (West)","20","53.13","Moderately High Rate (>50-100)","Stable"
"4-30.1 Taylorsville (West)","11","28.71","Moderate Rate (>10-50)","Unstable, interpret with caution"
"4-31 Murray","29","81.03","Moderately High Rate (>50-100)","Stable"
"4-32 Midvale","28","84.47","Moderately High Rate (>50-100)","Stable"
"4-33.2 West Jordan (Northeast) V2","9","28.74","Moderate Rate (>10-50)","Unstable, interpret with caution"
"4-34.1 West Jordan (Southeast)","19","50.13","Moderately High Rate (>50-100)","Stable"
"4-34.2 West Jordan (West)/Copperton","25","48.07","Moderate Rate (>10-50)","Stable"
"4-35.1 South Jordan V2","19","46.2","Moderate Rate (>10-50)","Stable"
"4-35.2 Daybreak","18","45.69","Moderate Rate (>10-50)","Stable"
"4-36.1 Sandy (West)","24","77.44","Moderately High Rate (>50-100)","Stable"
"4-36.2 Sandy (Center) V2","27","92.19","Moderately High Rate (>50-100)","Stable"
"4-37 Sandy (Northeast)","24","103.91","High Rate (>100-200)","Stable"
"4-38 Sandy (Southeast)","26","84.27","Moderately High Rate (>50-100)","Stable"
"4-39.1 Draper","38","79.53","Moderately High Rate (>50-100)","Stable"
"4-39.2 Riverton/Bluffdale","18","38.04","Moderate Rate (>10-50)","Stable"
"4-39.3 Herriman","27","43.19","Moderate Rate (>10-50)","Stable"
"1-4.1 Cache County (Other)/Rich County (All) V2","11","43.35","Moderate Rate (>10-50)","Unstable, interpret with caution"
"1-4.2 Hyrum","0","0","No Reported Cases","Stable"
"1-4.3 Smithfield","<5","1-5 Cases","1-5 Cases","Unstable, interpret with caution"
"8-40.1 Tooele County (Other)","11","60.46","Moderately High Rate (>50-100)","Unstable, interpret with caution"
"8-40.2 Tooele Valley","44","78.14","Moderately High Rate (>50-100)","Stable"
"10-41.1 Eagle Mountain/Cedar Valley","16","39.43","Moderate Rate (>10-50)","Stable"
"10-41.2 Lehi","23","30.95","Moderate Rate (>10-50)","Stable"
"10-41.3 Saratoga Springs","12","33.22","Moderate Rate (>10-50)","Stable"
"10-42.1 American Fork","18","34.76","Moderate Rate (>10-50)","Stable"
"10-42.2 Alpine","<5","1-5 Cases","1-5 Cases","Unstable, interpret with caution"
"10-43 Pleasant Grove/Lindon","20","32.7","Moderate Rate (>10-50)","Stable"
"10-44 Orem (North)","22","56.49","Moderately High Rate (>50-100)","Stable"
"10-45 Orem (West)","5","1-5 Cases","1-5 Cases","Unstable, interpret with caution"
"10-46 Orem (East)","7","29.38","Moderate Rate (>10-50)","Unstable, interpret with caution"
"10-47 Provo/BYU","10","18.72","Moderate Rate (>10-50)","Unstable, interpret with caution"
"10-48.1 Provo (West City Center)","<5","1-5 Cases","1-5 Cases","Unstable, interpret with caution"
"10-48.2 Provo (East City Center)","12","33.7","Moderate Rate (>10-50)","Stable"
"10-49.1 Salem City","<5","1-5 Cases","1-5 Cases","Unstable, interpret with caution"
"10-49.2 Spanish Fork","12","26.09","Moderate Rate (>10-50)","Stable"
"10-49.3 Springville","9","25.84","Moderate Rate (>10-50)","Unstable, interpret with caution"
"10-49.4 Mapleton","<5","1-5 Cases","1-5 Cases","Unstable, interpret with caution"
"12-5 Ben Lomond","44","67.38","Moderately High Rate (>50-100)","Stable"
"10-50.1 Utah County (South) V2","<5","1-5 Cases","1-5 Cases","Unstable, interpret with caution"
"10-50.2 Payson","13","46.3","Moderate Rate (>10-50)","Stable"
"7-51.1 Park City","46","150.48","High Rate (>100-200)","Stable"
"11-52 Wasatch County","23","65.16","Moderately High Rate (>50-100)","Stable"
"9-53.1 Daggett and Uintah County","11","29.73","Moderate Rate (>10-50)","Unstable, interpret with caution"
"9-53.2 Duchesne County","5","1-5 Cases","1-5 Cases","Unstable, interpret with caution"
"2-54.1 Nephi/Mona","<5","1-5 Cases","1-5 Cases","Unstable, interpret with caution"
"2-54.2 Delta/Fillmore","<5","1-5 Cases","1-5 Cases","Unstable, interpret with caution"
"2-54.3 Sanpete Valley","11","48.73","Moderate Rate (>10-50)","Unstable, interpret with caution"
"2-54.4 Central (Other)","<5","1-5 Cases","1-5 Cases","Unstable, interpret with caution"
"2-55.1 Richfield/Monroe/Salina","<5","1-5 Cases","1-5 Cases","Unstable, interpret with caution"
"5.1-56.1 Carbon County","13","62.6","Moderately High Rate (>50-100)","Stable"
"5.1-56.2 Emery County","<5","1-5 Cases","1-5 Cases","Unstable, interpret with caution"
"5.1-57.1 Grand County","9","91.86","Moderately High Rate (>50-100)","Unstable, interpret with caution"
"13-57.3 Blanding/Monticello","<5","1-5 Cases","1-5 Cases","Unstable, interpret with caution"
"13-57.4 San Juan (Other)","6","79.22","Moderately High Rate (>50-100)","Unstable, interpret with caution"
"6-58 St. George","40","40.6","Moderate Rate (>10-50)","Stable"
"6-59.1 Washington County (Other) V2","<5","1-5 Cases","1-5 Cases","Unstable, interpret with caution"
"6-59.2 Washington City","15","50.92","Moderately High Rate (>50-100)","Stable"
"6-59.3 Hurricane/La Verkin","18","63.14","Moderately High Rate (>50-100)","Stable"
"6-59.4 Ivins/Santa Clara","<5","1-5 Cases","1-5 Cases","Unstable, interpret with caution"
"12-6.1 Weber County (East)","22","57.75","Moderately High Rate (>50-100)","Stable"
"12-6.2 Morgan County","6","48.06","Moderate Rate (>10-50)","Unstable, interpret with caution"
"6-60 Cedar City","19","37.78","Moderate Rate (>10-50)","Stable"
"6-61 Southwest LHD (Other)","8","30.49","Moderate Rate (>10-50)","Unstable, interpret with caution"
"12-7 Ogden (Downtown)","19","43.85","Moderate Rate (>10-50)","Stable"
"12-8 South Ogden","26","68.14","Moderately High Rate (>50-100)","Stable"
"12-9 Roy/Hooper","13","26.33","Moderate Rate (>10-50)","Stable"
"1-2.1 Box Elder County (Other) V2","<5","1-5 Cases","1-5 Cases","Unstable, interpret with caution"
"7-51.2 Summit County (East)","6","50.32","Moderately High Rate (>50-100)","Unstable, interpret with caution"
