"Provider Type","People Received at Least One Dose","People Fully Vaccinated","Total Vaccines Administered"
"Community Nursing Services",65246,55032,129065
"Corrections",2114,1995,4243
"Federally Qualified Health Centers/Rural Health Clinics",25328,22434,51786
"Home Healthcare",1076,1047,1441
"Hospital System",173626,162179,338811
"IHS & Tribal Health",15625,13847,34944
"Local Health Department",856697,767330,1788411
"Long Term Care - Federal Partnership",32221,21409,53647
"Long Term Care - State Pharmacies",12846,10080,29503
"Long Term Care Pharmacies",17,6,105
"Other",84454,72096,168620
"Pharmacies",833504,743831,2036077
"Private Clinic/Health Center/Employee Health",150917,129191,372114
