"Race/Ethnicity","People Received at Least One Dose","% Received at Least One Dose","People Fully Vaccinated","% Fully Vaccinated","People Received a Booster","% Received a Booster","% of Eligible Population","% of All Vaccinated People"
"American Indian/Alaska Native alone, non-Hispanic",22868,"81.59%",20088,"71.67%",8669,"34.71%","0.93%","1.01%"
"Asian alone, non-Hispanic",69869,"90.55%",61953,"80.29%",33057,"46.68%","2.57%","3.1%"
"Black/African American alone, non-Hispanic",27162,"77%",22539,"63.89%",7944,"25.76%","1.17%","1.21%"
"Hispanic/Latino origin (of any race)",278748,"65.63%",241670,"56.9%",83603,"23.28%","14.12%","12.37%"
"Native Hawaiian/Pacific Islander alone, non-Hispanic",22239,"72.9%",19255,"63.11%",6291,"23.88%","1.01%","0.99%"
"White alone, non-Hispanic",1683157,"71.58%",1529201,"65.04%",740838,"35.58%","78.17%","74.69%"
"Some other race alone, non-Hispanic",18501,"---",16319,"---",5198,"---","---","0.82%"
"Unknown race, non-Hispanic",131127,"---",89452,"---",11326,"---","---","5.82%"
