"Jurisdiction","Doses Delivered","People Received at Least One Dose","People Fully Vaccinated","People Received a Booster","Total Doses Administered"
"Bear River",295884,117413,103808,43004,258419
"Central Utah",110374,38699,34288,13692,84063
"Davis County",643951,243056,226924,105488,565667
"San Juan",23860,8437,7613,3522,19352
"Salt Lake County",2727430,869073,782559,395590,1992635
"Southeast Utah",66932,23444,20766,9912,52055
"Southwest Utah",466448,137562,123745,54243,298063
"Summit County",84999,41899,35151,18362,92546
"Tooele County",93884,45140,40403,16805,98907
"TriCounty",75038,25267,21152,7681,52431
"Utah County",1019287,408848,362290,138769,884803
"Wasatch County",54700,22515,20363,9072,50524
"Weber-Morgan",479923,175032,159029,69698,395096
"Out of State/Unknown",0,97286,62386,11088,164206
"Delivered, address pending*",36162,0,0,0,0
"Total",6178872,2253671,2000477,896926,5008767
