"race_ethnicity","Comorbidity","Count","Total Cases","Percent"
"American Indian/Alaska Native alone, non-Hispanic","Autoimmune","51",9982,"0.5"
"Asian alone, non-Hispanic","Autoimmune","74",20151,"0.4"
"Black/African American alone, non-Hispanic","Autoimmune","50",11278,"0.4"
"Hispanic or Latino (of any race)","Autoimmune","615",163140,"0.4"
"Native Hawaiian/Pacific Islander alone, non-Hispanic","Autoimmune","56",17143,"0.3"
"Some other race alone, non-Hispanic","Autoimmune","64",15777,"0.4"
"Two or more races, non-Hispanic","Autoimmune","18",1292,"1.4"
"Unknown race, non-Hispanic","Autoimmune","107",45998,"0.2"
"White alone, non-Hispanic","Autoimmune","5965",634865,"0.9"
"American Indian/Alaska Native alone, non-Hispanic","Cardiovascular","172",10283,"1.7"
"Asian alone, non-Hispanic","Cardiovascular","112",20329,"0.6"
"Black/African American alone, non-Hispanic","Cardiovascular","85",11478,"0.7"
"Hispanic or Latino (of any race)","Cardiovascular","802",165984,"0.5"
"Native Hawaiian/Pacific Islander alone, non-Hispanic","Cardiovascular","173",17388,"1"
"Some other race alone, non-Hispanic","Cardiovascular","109",15945,"0.7"
"Two or more races, non-Hispanic","Cardiovascular","12",1314,"0.9"
"Unknown race, non-Hispanic","Cardiovascular","107",46254,"0.2"
"White alone, non-Hispanic","Cardiovascular","6339",638321,"1"
"American Indian/Alaska Native alone, non-Hispanic","Chronic Pulmonary","335",10283,"3.3"
"Asian alone, non-Hispanic","Chronic Pulmonary","324",20329,"1.6"
"Black/African American alone, non-Hispanic","Chronic Pulmonary","300",11478,"2.6"
"Hispanic or Latino (of any race)","Chronic Pulmonary","3583",165984,"2.2"
"Native Hawaiian/Pacific Islander alone, non-Hispanic","Chronic Pulmonary","402",17388,"2.3"
"Some other race alone, non-Hispanic","Chronic Pulmonary","337",15945,"2.1"
"Two or more races, non-Hispanic","Chronic Pulmonary","99",1314,"7.5"
"Unknown race, non-Hispanic","Chronic Pulmonary","526",46254,"1.1"
"White alone, non-Hispanic","Chronic Pulmonary","18439",638321,"2.9"
"American Indian/Alaska Native alone, non-Hispanic","Diabetes","661",10283,"6.4"
"Asian alone, non-Hispanic","Diabetes","333",20329,"1.6"
"Black/African American alone, non-Hispanic","Diabetes","194",11478,"1.7"
"Hispanic or Latino (of any race)","Diabetes","3752",165984,"2.3"
"Native Hawaiian/Pacific Islander alone, non-Hispanic","Diabetes","672",17388,"3.9"
"Some other race alone, non-Hispanic","Diabetes","217",15945,"1.4"
"Two or more races, non-Hispanic","Diabetes","28",1314,"2.1"
"Unknown race, non-Hispanic","Diabetes","320",46254,"0.7"
"White alone, non-Hispanic","Diabetes","10498",638321,"1.6"
"American Indian/Alaska Native alone, non-Hispanic","Disability","80",9982,"0.8"
"Asian alone, non-Hispanic","Disability","81",20151,"0.4"
"Black/African American alone, non-Hispanic","Disability","68",11278,"0.6"
"Hispanic or Latino (of any race)","Disability","646",163140,"0.4"
"Native Hawaiian/Pacific Islander alone, non-Hispanic","Disability","84",17143,"0.5"
"Some other race alone, non-Hispanic","Disability","80",15777,"0.5"
"Two or more races, non-Hispanic","Disability","18",1292,"1.4"
"Unknown race, non-Hispanic","Disability","111",45998,"0.2"
"White alone, non-Hispanic","Disability","4886",634865,"0.8"
"American Indian/Alaska Native alone, non-Hispanic","Hypertension","430",9982,"4.3"
"Asian alone, non-Hispanic","Hypertension","437",20151,"2.2"
"Black/African American alone, non-Hispanic","Hypertension","296",11278,"2.6"
"Hispanic or Latino (of any race)","Hypertension","3535",163140,"2.2"
"Native Hawaiian/Pacific Islander alone, non-Hispanic","Hypertension","500",17143,"2.9"
"Some other race alone, non-Hispanic","Hypertension","262",15777,"1.7"
"Two or more races, non-Hispanic","Hypertension","39",1292,"3"
"Unknown race, non-Hispanic","Hypertension","389",45998,"0.8"
"White alone, non-Hispanic","Hypertension","15411",634865,"2.4"
"American Indian/Alaska Native alone, non-Hispanic","Immunocompromised","60",10283,"0.6"
"Asian alone, non-Hispanic","Immunocompromised","61",20329,"0.3"
"Black/African American alone, non-Hispanic","Immunocompromised","54",11478,"0.5"
"Hispanic or Latino (of any race)","Immunocompromised","552",165984,"0.3"
"Native Hawaiian/Pacific Islander alone, non-Hispanic","Immunocompromised","66",17388,"0.4"
"Some other race alone, non-Hispanic","Immunocompromised","41",15945,"0.3"
"Two or more races, non-Hispanic","Immunocompromised","13",1314,"1"
"Unknown race, non-Hispanic","Immunocompromised","55",46254,"0.1"
"White alone, non-Hispanic","Immunocompromised","3516",638321,"0.6"
"American Indian/Alaska Native alone, non-Hispanic","Chronic Kidney","85",10283,"0.8"
"Asian alone, non-Hispanic","Chronic Kidney","58",20329,"0.3"
"Black/African American alone, non-Hispanic","Chronic Kidney","48",11478,"0.4"
"Hispanic or Latino (of any race)","Chronic Kidney","419",165984,"0.3"
"Native Hawaiian/Pacific Islander alone, non-Hispanic","Chronic Kidney","127",17388,"0.7"
"Some other race alone, non-Hispanic","Chronic Kidney","30",15945,"0.2"
"Two or more races, non-Hispanic","Chronic Kidney","8",1314,"0.6"
"Unknown race, non-Hispanic","Chronic Kidney","34",46254,"0.1"
"White alone, non-Hispanic","Chronic Kidney","2549",638321,"0.4"
"American Indian/Alaska Native alone, non-Hispanic","Chronic Liver","42",10283,"0.4"
"Asian alone, non-Hispanic","Chronic Liver","31",20329,"0.2"
"Black/African American alone, non-Hispanic","Chronic Liver","18",11478,"0.2"
"Hispanic or Latino (of any race)","Chronic Liver","259",165984,"0.2"
"Native Hawaiian/Pacific Islander alone, non-Hispanic","Chronic Liver","27",17388,"0.2"
"Some other race alone, non-Hispanic","Chronic Liver","13",15945,"0.1"
"Two or more races, non-Hispanic","Chronic Liver","<5",1314,"<0.4"
"Unknown race, non-Hispanic","Chronic Liver","10",46254,"0"
"White alone, non-Hispanic","Chronic Liver","781",638321,"0.1"
"American Indian/Alaska Native alone, non-Hispanic","None","1855",10283,"18"
"Asian alone, non-Hispanic","None","3112",20329,"15.3"
"Black/African American alone, non-Hispanic","None","1752",11478,"15.3"
"Hispanic or Latino (of any race)","None","33465",165984,"20.2"
"Native Hawaiian/Pacific Islander alone, non-Hispanic","None","2987",17388,"17.2"
"Some other race alone, non-Hispanic","None","2447",15945,"15.3"
"Two or more races, non-Hispanic","None","519",1314,"39.5"
"Unknown race, non-Hispanic","None","5268",46254,"11.4"
"White alone, non-Hispanic","None","110558",638321,"17.3"
"American Indian/Alaska Native alone, non-Hispanic","Severe/Morbid Obesity","170",9982,"1.7"
"Asian alone, non-Hispanic","Severe/Morbid Obesity","60",20151,"0.3"
"Black/African American alone, non-Hispanic","Severe/Morbid Obesity","77",11278,"0.7"
"Hispanic or Latino (of any race)","Severe/Morbid Obesity","1137",163140,"0.7"
"Native Hawaiian/Pacific Islander alone, non-Hispanic","Severe/Morbid Obesity","320",17143,"1.9"
"Some other race alone, non-Hispanic","Severe/Morbid Obesity","98",15777,"0.6"
"Two or more races, non-Hispanic","Severe/Morbid Obesity","23",1292,"1.8"
"Unknown race, non-Hispanic","Severe/Morbid Obesity","145",45998,"0.3"
"White alone, non-Hispanic","Severe/Morbid Obesity","6326",634865,"1"
"American Indian/Alaska Native alone, non-Hispanic","Psychological/Psychiatric","106",9982,"1.1"
"Asian alone, non-Hispanic","Psychological/Psychiatric","129",20151,"0.6"
"Black/African American alone, non-Hispanic","Psychological/Psychiatric","155",11278,"1.4"
"Hispanic or Latino (of any race)","Psychological/Psychiatric","1181",163140,"0.7"
"Native Hawaiian/Pacific Islander alone, non-Hispanic","Psychological/Psychiatric","88",17143,"0.5"
"Some other race alone, non-Hispanic","Psychological/Psychiatric","146",15777,"0.9"
"Two or more races, non-Hispanic","Psychological/Psychiatric","39",1292,"3"
"Unknown race, non-Hispanic","Psychological/Psychiatric","202",45998,"0.4"
"White alone, non-Hispanic","Psychological/Psychiatric","9609",634865,"1.5"
"American Indian/Alaska Native alone, non-Hispanic","Current Smoker","138",10283,"1.3"
"Asian alone, non-Hispanic","Current Smoker","104",20329,"0.5"
"Black/African American alone, non-Hispanic","Current Smoker","134",11478,"1.2"
"Hispanic or Latino (of any race)","Current Smoker","1248",165984,"0.8"
"Native Hawaiian/Pacific Islander alone, non-Hispanic","Current Smoker","158",17388,"0.9"
"Some other race alone, non-Hispanic","Current Smoker","113",15945,"0.7"
"Two or more races, non-Hispanic","Current Smoker","26",1314,"2"
"Unknown race, non-Hispanic","Current Smoker","166",46254,"0.4"
"White alone, non-Hispanic","Current Smoker","4773",638321,"0.7"
"American Indian/Alaska Native alone, non-Hispanic","Former Smoker","172",10283,"1.7"
"Asian alone, non-Hispanic","Former Smoker","154",20329,"0.8"
"Black/African American alone, non-Hispanic","Former Smoker","117",11478,"1"
"Hispanic or Latino (of any race)","Former Smoker","2164",165984,"1.3"
"Native Hawaiian/Pacific Islander alone, non-Hispanic","Former Smoker","261",17388,"1.5"
"Some other race alone, non-Hispanic","Former Smoker","152",15945,"1"
"Two or more races, non-Hispanic","Former Smoker","34",1314,"2.6"
"Unknown race, non-Hispanic","Former Smoker","258",46254,"0.6"
"White alone, non-Hispanic","Former Smoker","7011",638321,"1.1"
"American Indian/Alaska Native alone, non-Hispanic","Substance Abuse","42",9982,"0.4"
"Asian alone, non-Hispanic","Substance Abuse","11",20151,"0.1"
"Black/African American alone, non-Hispanic","Substance Abuse","32",11278,"0.3"
"Hispanic or Latino (of any race)","Substance Abuse","197",163140,"0.1"
"Native Hawaiian/Pacific Islander alone, non-Hispanic","Substance Abuse","16",17143,"0.1"
"Some other race alone, non-Hispanic","Substance Abuse","28",15777,"0.2"
"Two or more races, non-Hispanic","Substance Abuse","<5",1292,"<0.4"
"Unknown race, non-Hispanic","Substance Abuse","19",45998,"0"
"White alone, non-Hispanic","Substance Abuse","828",634865,"0.1"
"American Indian/Alaska Native alone, non-Hispanic","Other","160",10283,"1.6"
"Asian alone, non-Hispanic","Other","235",20329,"1.2"
"Black/African American alone, non-Hispanic","Other","163",11478,"1.4"
"Hispanic or Latino (of any race)","Other","1711",165984,"1"
"Native Hawaiian/Pacific Islander alone, non-Hispanic","Other","218",17388,"1.3"
"Some other race alone, non-Hispanic","Other","178",15945,"1.1"
"Two or more races, non-Hispanic","Other","34",1314,"2.6"
"Unknown race, non-Hispanic","Other","218",46254,"0.5"
"White alone, non-Hispanic","Other","10756",638321,"1.7"
