"Age Group","Birth Sex","Count","Percent"
"0-1 years","Female",2565,45.7
"0-1 years","Male",3053,54.3
"1-14 years","Female",60532,49.2
"1-14 years","Male",62390,50.8
"15-24 years","Female",104924,52.9
"15-24 years","Male",93487,47.1
"25-44 years","Female",172445,51.3
"25-44 years","Male",164017,48.7
"45-64 years","Female",97775,50.9
"45-64 years","Male",94429,49.1
"65-84 years","Female",32011,50.5
"65-84 years","Male",31386,49.5
"85+ years","Female",4030,57.4
"85+ years","Male",2990,42.6
