"race_ethnicity","Comorbidity","Count","Total Cases","Percent"
"American Indian/Alaska Native alone, non-Hispanic","Autoimmune","12",677,"1.8"
"Asian alone, non-Hispanic","Autoimmune","6",596,"1"
"Black/African American alone, non-Hispanic","Autoimmune","5",465,"1.1"
"Hispanic or Latino (of any race)","Autoimmune","74",5913,"1.3"
"Native Hawaiian/Pacific Islander alone, non-Hispanic","Autoimmune","8",1281,"0.6"
"Some other race alone, non-Hispanic","Autoimmune","12",585,"2.1"
"Two or more races, non-Hispanic","Autoimmune","<5",57,"<8.8"
"Unknown race, non-Hispanic","Autoimmune","<5",431,"<1.2"
"White alone, non-Hispanic","Autoimmune","555",23234,"2.4"
"American Indian/Alaska Native alone, non-Hispanic","Cardiovascular","81",727,"11.1"
"Asian alone, non-Hispanic","Cardiovascular","36",607,"5.9"
"Black/African American alone, non-Hispanic","Cardiovascular","34",483,"7"
"Hispanic or Latino (of any race)","Cardiovascular","236",6153,"3.8"
"Native Hawaiian/Pacific Islander alone, non-Hispanic","Cardiovascular","91",1320,"6.9"
"Some other race alone, non-Hispanic","Cardiovascular","44",597,"7.4"
"Two or more races, non-Hispanic","Cardiovascular","5",60,"8.3"
"Unknown race, non-Hispanic","Cardiovascular","10",437,"2.3"
"White alone, non-Hispanic","Cardiovascular","1967",23543,"8.4"
"American Indian/Alaska Native alone, non-Hispanic","Chronic Pulmonary","70",727,"9.6"
"Asian alone, non-Hispanic","Chronic Pulmonary","35",607,"5.8"
"Black/African American alone, non-Hispanic","Chronic Pulmonary","33",483,"6.8"
"Hispanic or Latino (of any race)","Chronic Pulmonary","317",6153,"5.2"
"Native Hawaiian/Pacific Islander alone, non-Hispanic","Chronic Pulmonary","77",1320,"5.8"
"Some other race alone, non-Hispanic","Chronic Pulmonary","51",597,"8.5"
"Two or more races, non-Hispanic","Chronic Pulmonary","10",60,"16.7"
"Unknown race, non-Hispanic","Chronic Pulmonary","21",437,"4.8"
"White alone, non-Hispanic","Chronic Pulmonary","1970",23543,"8.4"
"American Indian/Alaska Native alone, non-Hispanic","Diabetes","188",727,"25.9"
"Asian alone, non-Hispanic","Diabetes","84",607,"13.8"
"Black/African American alone, non-Hispanic","Diabetes","54",483,"11.2"
"Hispanic or Latino (of any race)","Diabetes","803",6153,"13.1"
"Native Hawaiian/Pacific Islander alone, non-Hispanic","Diabetes","255",1320,"19.3"
"Some other race alone, non-Hispanic","Diabetes","55",597,"9.2"
"Two or more races, non-Hispanic","Diabetes","10",60,"16.7"
"Unknown race, non-Hispanic","Diabetes","28",437,"6.4"
"White alone, non-Hispanic","Diabetes","2409",23543,"10.2"
"American Indian/Alaska Native alone, non-Hispanic","Disability","23",677,"3.4"
"Asian alone, non-Hispanic","Disability","14",596,"2.3"
"Black/African American alone, non-Hispanic","Disability","16",465,"3.4"
"Hispanic or Latino (of any race)","Disability","122",5913,"2.1"
"Native Hawaiian/Pacific Islander alone, non-Hispanic","Disability","30",1281,"2.3"
"Some other race alone, non-Hispanic","Disability","15",585,"2.6"
"Two or more races, non-Hispanic","Disability","<5",57,"<8.8"
"Unknown race, non-Hispanic","Disability","8",431,"1.9"
"White alone, non-Hispanic","Disability","892",23234,"3.8"
"American Indian/Alaska Native alone, non-Hispanic","Hypertension","121",677,"17.9"
"Asian alone, non-Hispanic","Hypertension","99",596,"16.6"
"Black/African American alone, non-Hispanic","Hypertension","74",465,"15.9"
"Hispanic or Latino (of any race)","Hypertension","669",5913,"11.3"
"Native Hawaiian/Pacific Islander alone, non-Hispanic","Hypertension","186",1281,"14.5"
"Some other race alone, non-Hispanic","Hypertension","68",585,"11.6"
"Two or more races, non-Hispanic","Hypertension","13",57,"22.8"
"Unknown race, non-Hispanic","Hypertension","37",431,"8.6"
"White alone, non-Hispanic","Hypertension","3114",23234,"13.4"
"American Indian/Alaska Native alone, non-Hispanic","Immunocompromised","18",727,"2.5"
"Asian alone, non-Hispanic","Immunocompromised","13",607,"2.1"
"Black/African American alone, non-Hispanic","Immunocompromised","14",483,"2.9"
"Hispanic or Latino (of any race)","Immunocompromised","128",6153,"2.1"
"Native Hawaiian/Pacific Islander alone, non-Hispanic","Immunocompromised","26",1320,"2"
"Some other race alone, non-Hispanic","Immunocompromised","15",597,"2.5"
"Two or more races, non-Hispanic","Immunocompromised","<5",60,"<8.3"
"Unknown race, non-Hispanic","Immunocompromised","5",437,"1.1"
"White alone, non-Hispanic","Immunocompromised","683",23543,"2.9"
"American Indian/Alaska Native alone, non-Hispanic","Chronic Kidney","47",727,"6.5"
"Asian alone, non-Hispanic","Chronic Kidney","29",607,"4.8"
"Black/African American alone, non-Hispanic","Chronic Kidney","27",483,"5.6"
"Hispanic or Latino (of any race)","Chronic Kidney","181",6153,"2.9"
"Native Hawaiian/Pacific Islander alone, non-Hispanic","Chronic Kidney","84",1320,"6.4"
"Some other race alone, non-Hispanic","Chronic Kidney","13",597,"2.2"
"Two or more races, non-Hispanic","Chronic Kidney","<5",60,"<8.3"
"Unknown race, non-Hispanic","Chronic Kidney","5",437,"1.1"
"White alone, non-Hispanic","Chronic Kidney","1045",23543,"4.4"
"American Indian/Alaska Native alone, non-Hispanic","Chronic Liver","19",727,"2.6"
"Asian alone, non-Hispanic","Chronic Liver","11",607,"1.8"
"Black/African American alone, non-Hispanic","Chronic Liver","<5",483,"<1"
"Hispanic or Latino (of any race)","Chronic Liver","74",6153,"1.2"
"Native Hawaiian/Pacific Islander alone, non-Hispanic","Chronic Liver","10",1320,"0.8"
"Some other race alone, non-Hispanic","Chronic Liver","8",597,"1.3"
"Unknown race, non-Hispanic","Chronic Liver","<5",437,"<1.1"
"White alone, non-Hispanic","Chronic Liver","177",23543,"0.8"
"American Indian/Alaska Native alone, non-Hispanic","None","62",727,"8.5"
"Asian alone, non-Hispanic","None","82",607,"13.5"
"Black/African American alone, non-Hispanic","None","35",483,"7.2"
"Hispanic or Latino (of any race)","None","954",6153,"15.5"
"Native Hawaiian/Pacific Islander alone, non-Hispanic","None","156",1320,"11.8"
"Some other race alone, non-Hispanic","None","52",597,"8.7"
"Two or more races, non-Hispanic","None","11",60,"18.3"
"Unknown race, non-Hispanic","None","47",437,"10.8"
"White alone, non-Hispanic","None","2289",23543,"9.7"
"American Indian/Alaska Native alone, non-Hispanic","Severe/Morbid Obesity","56",677,"8.3"
"Asian alone, non-Hispanic","Severe/Morbid Obesity","12",596,"2"
"Black/African American alone, non-Hispanic","Severe/Morbid Obesity","29",465,"6.2"
"Hispanic or Latino (of any race)","Severe/Morbid Obesity","278",5913,"4.7"
"Native Hawaiian/Pacific Islander alone, non-Hispanic","Severe/Morbid Obesity","145",1281,"11.3"
"Some other race alone, non-Hispanic","Severe/Morbid Obesity","26",585,"4.4"
"Two or more races, non-Hispanic","Severe/Morbid Obesity","9",57,"15.8"
"Unknown race, non-Hispanic","Severe/Morbid Obesity","18",431,"4.2"
"White alone, non-Hispanic","Severe/Morbid Obesity","1360",23234,"5.9"
"American Indian/Alaska Native alone, non-Hispanic","Psychological/Psychiatric","22",677,"3.2"
"Asian alone, non-Hispanic","Psychological/Psychiatric","16",596,"2.7"
"Black/African American alone, non-Hispanic","Psychological/Psychiatric","23",465,"4.9"
"Hispanic or Latino (of any race)","Psychological/Psychiatric","155",5913,"2.6"
"Native Hawaiian/Pacific Islander alone, non-Hispanic","Psychological/Psychiatric","16",1281,"1.2"
"Some other race alone, non-Hispanic","Psychological/Psychiatric","17",585,"2.9"
"Two or more races, non-Hispanic","Psychological/Psychiatric","5",57,"8.8"
"Unknown race, non-Hispanic","Psychological/Psychiatric","11",431,"2.6"
"White alone, non-Hispanic","Psychological/Psychiatric","1221",23234,"5.3"
"American Indian/Alaska Native alone, non-Hispanic","Current Smoker","32",727,"4.4"
"Asian alone, non-Hispanic","Current Smoker","7",607,"1.2"
"Black/African American alone, non-Hispanic","Current Smoker","14",483,"2.9"
"Hispanic or Latino (of any race)","Current Smoker","112",6153,"1.8"
"Native Hawaiian/Pacific Islander alone, non-Hispanic","Current Smoker","13",1320,"1"
"Some other race alone, non-Hispanic","Current Smoker","10",597,"1.7"
"Two or more races, non-Hispanic","Current Smoker","<5",60,"<8.3"
"Unknown race, non-Hispanic","Current Smoker","7",437,"1.6"
"White alone, non-Hispanic","Current Smoker","455",23543,"1.9"
"American Indian/Alaska Native alone, non-Hispanic","Former Smoker","40",727,"5.5"
"Asian alone, non-Hispanic","Former Smoker","21",607,"3.5"
"Black/African American alone, non-Hispanic","Former Smoker","21",483,"4.3"
"Hispanic or Latino (of any race)","Former Smoker","242",6153,"3.9"
"Native Hawaiian/Pacific Islander alone, non-Hispanic","Former Smoker","39",1320,"3"
"Some other race alone, non-Hispanic","Former Smoker","25",597,"4.2"
"Two or more races, non-Hispanic","Former Smoker","7",60,"11.7"
"Unknown race, non-Hispanic","Former Smoker","15",437,"3.4"
"White alone, non-Hispanic","Former Smoker","986",23543,"4.2"
"American Indian/Alaska Native alone, non-Hispanic","Substance Abuse","17",677,"2.5"
"Asian alone, non-Hispanic","Substance Abuse","<5",596,"<0.8"
"Black/African American alone, non-Hispanic","Substance Abuse","11",465,"2.4"
"Hispanic or Latino (of any race)","Substance Abuse","57",5913,"1"
"Native Hawaiian/Pacific Islander alone, non-Hispanic","Substance Abuse","<5",1281,"<0.4"
"Some other race alone, non-Hispanic","Substance Abuse","5",585,"0.9"
"Two or more races, non-Hispanic","Substance Abuse","<5",57,"<8.8"
"Unknown race, non-Hispanic","Substance Abuse","<5",431,"<1.2"
"White alone, non-Hispanic","Substance Abuse","235",23234,"1"
"American Indian/Alaska Native alone, non-Hispanic","Other","65",727,"8.9"
"Asian alone, non-Hispanic","Other","55",607,"9.1"
"Black/African American alone, non-Hispanic","Other","40",483,"8.3"
"Hispanic or Latino (of any race)","Other","371",6153,"6"
"Native Hawaiian/Pacific Islander alone, non-Hispanic","Other","95",1320,"7.2"
"Some other race alone, non-Hispanic","Other","43",597,"7.2"
"Two or more races, non-Hispanic","Other","5",60,"8.3"
"Unknown race, non-Hispanic","Other","25",437,"5.7"
"White alone, non-Hispanic","Other","2195",23543,"9.3"
