"Hospitalization","age","Case Count","percent"
"Yes","0-1 years",317,"5.6%"
"Yes","1-14 years",955,"0.8%"
"Yes","15-24 years",2481,"1.2%"
"Yes","25-44 years",8297,"2.5%"
"Yes","45-64 years",10153,"5.3%"
"Yes","65-84 years",9850,"15.5%"
"Yes","85+ years",1874,"26.6%"
"No","0-1 years",4060,"72.1%"
"No","1-14 years",88475,"71.9%"
"No","15-24 years",138755,"69.8%"
"No","25-44 years",238388,"70.8%"
"No","45-64 years",135381,"70.3%"
"No","65-84 years",40745,"64.2%"
"No","85+ years",3902,"55.3%"
"Under Investigation","0-1 years",1254,"22.3%"
"Under Investigation","1-14 years",33641,"27.3%"
"Under Investigation","15-24 years",57422,"28.9%"
"Under Investigation","25-44 years",90218,"26.8%"
"Under Investigation","45-64 years",46917,"24.4%"
"Under Investigation","65-84 years",12888,"20.3%"
"Under Investigation","85+ years",1276,"18.1%"
