"birthsex","age_group","compliance","n","total","percent_compliance"
"Male","18-34","Compliant",61,323,"19%"
"Male","18-34","Not Compliant",262,323,"81%"
"Male","35-49","Compliant",68,356,"19%"
"Male","35-49","Not Compliant",288,356,"81%"
"Male","50-64","Compliant",72,317,"23%"
"Male","50-64","Not Compliant",245,317,"77%"
"Male","65+","Compliant",87,351,"25%"
"Male","65+","Not Compliant",264,351,"75%"
"Female","18-34","Compliant",61,285,"21%"
"Female","18-34","Not Compliant",224,285,"79%"
"Female","35-49","Compliant",90,377,"24%"
"Female","35-49","Not Compliant",287,377,"76%"
"Female","50-64","Compliant",95,303,"31%"
"Female","50-64","Not Compliant",208,303,"69%"
"Female","65+","Compliant",175,408,"43%"
"Female","65+","Not Compliant",233,408,"57%"
