"Comorbidity","Count with Condition","Total Cases with Data","Percent"
"Any Condition",87526,927296,"9.4%"
"Autoimmune",7000,919626,"0.8%"
"Cardiovascular",7911,927296,"0.9%"
"Chronic Pulmonary",24345,927296,"2.6%"
"Diabetes",16675,927296,"1.8%"
"Disability",6054,919626,"0.7%"
"Hypertension",21299,919626,"2.3%"
"Immunocompromised",4418,927296,"0.5%"
"Chronic Kidney",3358,927296,"0.4%"
"Chronic Liver",1182,927296,"0.1%"
"Severe/Morbid Obesity",8356,919626,"0.9%"
"Psychological/Psychiatric",11655,919626,"1.3%"
"Current Smoker",6860,927296,"0.7%"
"Former Smoker",10323,927296,"1.1%"
"Substance Abuse",1176,919626,"0.1%"
"Other",13673,927296,"1.5%"
