"Comorbidity","Count with Condition","Total Cases with Data","Percent"
"Any Condition",10741,33927,"31.7%"
"Autoimmune",677,33239,"2%"
"Cardiovascular",2504,33927,"7.4%"
"Chronic Pulmonary",2584,33927,"7.6%"
"Diabetes",3886,33927,"11.5%"
"Disability",1124,33239,"3.4%"
"Hypertension",4381,33239,"13.2%"
"Immunocompromised",906,33927,"2.7%"
"Chronic Kidney",1434,33927,"4.2%"
"Chronic Liver",304,33927,"0.9%"
"Severe/Morbid Obesity",1933,33239,"5.8%"
"Psychological/Psychiatric",1486,33239,"4.5%"
"Current Smoker",652,33927,"1.9%"
"Former Smoker",1396,33927,"4.1%"
"Substance Abuse",338,33239,"1%"
"Other",2894,33927,"8.5%"
