"age","Comorbidity","Count","Percent"
"0-1 years","Autoimmune","6","0.1"
"0-1 years","Cardiovascular","8","0.1"
"0-1 years","Chronic Kidney","<5","<0.1"
"0-1 years","Chronic Liver","<5","<0.1"
"0-1 years","Chronic Pulmonary","15","0.3"
"0-1 years","Current Smoker","<5","<0.1"
"0-1 years","Diabetes","<5","<0.1"
"0-1 years","Disability","7","0.1"
"0-1 years","Former Smoker","<5","<0.1"
"0-1 years","Hypertension","8","0.1"
"0-1 years","Immunocompromised","9","0.2"
"0-1 years","None","1052","18.7"
"0-1 years","Other","52","0.9"
"0-1 years","Psychological/Psychiatric","<5","<0.1"
"0-1 years","Severe/Morbid Obesity","<5","<0.1"
"0-1 years","Substance Abuse","0",NA
"1-14 years","Autoimmune","246","0.2"
"1-14 years","Cardiovascular","134","0.1"
"1-14 years","Chronic Kidney","55","0"
"1-14 years","Chronic Liver","17","0"
"1-14 years","Chronic Pulmonary","2444","2"
"1-14 years","Current Smoker","27","0"
"1-14 years","Diabetes","171","0.1"
"1-14 years","Disability","544","0.4"
"1-14 years","Former Smoker","23","0"
"1-14 years","Hypertension","41","0"
"1-14 years","Immunocompromised","177","0.1"
"1-14 years","None","29664","24.1"
"1-14 years","Other","702","0.6"
"1-14 years","Psychological/Psychiatric","542","0.4"
"1-14 years","Severe/Morbid Obesity","76","0.1"
"1-14 years","Substance Abuse","5","0"
"15-24 years","Autoimmune","719","0.4"
"15-24 years","Cardiovascular","287","0.1"
"15-24 years","Chronic Kidney","110","0.1"
"15-24 years","Chronic Liver","58","0"
"15-24 years","Chronic Pulmonary","5238","2.6"
"15-24 years","Current Smoker","1642","0.8"
"15-24 years","Diabetes","566","0.3"
"15-24 years","Disability","856","0.4"
"15-24 years","Former Smoker","1209","0.6"
"15-24 years","Hypertension","303","0.2"
"15-24 years","Immunocompromised","401","0.2"
"15-24 years","None","41168","20.7"
"15-24 years","Other","1186","0.6"
"15-24 years","Psychological/Psychiatric","2847","1.4"
"15-24 years","Severe/Morbid Obesity","428","0.2"
"15-24 years","Substance Abuse","219","0.1"
"25-44 years","Autoimmune","2694","0.8"
"25-44 years","Cardiovascular","902","0.3"
"25-44 years","Chronic Kidney","471","0.1"
"25-44 years","Chronic Liver","342","0.1"
"25-44 years","Chronic Pulmonary","7553","2.2"
"25-44 years","Current Smoker","3284","1"
"25-44 years","Diabetes","3098","0.9"
"25-44 years","Disability","1287","0.4"
"25-44 years","Former Smoker","4101","1.2"
"25-44 years","Hypertension","3940","1.2"
"25-44 years","Immunocompromised","1267","0.4"
"25-44 years","None","55049","16.3"
"25-44 years","Other","3532","1"
"25-44 years","Psychological/Psychiatric","4433","1.3"
"25-44 years","Severe/Morbid Obesity","3197","1"
"25-44 years","Substance Abuse","547","0.2"
"45-64 years","Autoimmune","2279","1.2"
"45-64 years","Cardiovascular","2312","1.2"
"45-64 years","Chronic Kidney","957","0.5"
"45-64 years","Chronic Liver","487","0.3"
"45-64 years","Chronic Pulmonary","5726","3"
"45-64 years","Current Smoker","1543","0.8"
"45-64 years","Diabetes","7327","3.8"
"45-64 years","Disability","1339","0.7"
"45-64 years","Former Smoker","3201","1.7"
"45-64 years","Hypertension","9366","4.9"
"45-64 years","Immunocompromised","1454","0.8"
"45-64 years","None","27937","14.5"
"45-64 years","Other","4143","2.2"
"45-64 years","Psychological/Psychiatric","2182","1.1"
"45-64 years","Severe/Morbid Obesity","3158","1.7"
"45-64 years","Substance Abuse","308","0.2"
"65-84 years","Autoimmune","982","1.6"
"65-84 years","Cardiovascular","3451","5.4"
"65-84 years","Chronic Kidney","1404","2.2"
"65-84 years","Chronic Liver","256","0.4"
"65-84 years","Chronic Pulmonary","3027","4.8"
"65-84 years","Current Smoker","350","0.6"
"65-84 years","Diabetes","4968","7.8"
"65-84 years","Disability","1465","2.3"
"65-84 years","Former Smoker","1639","2.6"
"65-84 years","Hypertension","6649","10.6"
"65-84 years","Immunocompromised","993","1.6"
"65-84 years","None","6699","10.6"
"65-84 years","Other","3280","5.2"
"65-84 years","Psychological/Psychiatric","1298","2.1"
"65-84 years","Severe/Morbid Obesity","1423","2.3"
"65-84 years","Substance Abuse","89","0.1"
"85+ years","Autoimmune","74","1.1"
"85+ years","Cardiovascular","817","11.6"
"85+ years","Chronic Kidney","360","5.1"
"85+ years","Chronic Liver","21","0.3"
"85+ years","Chronic Pulmonary","342","4.8"
"85+ years","Current Smoker","12","0.2"
"85+ years","Diabetes","543","7.7"
"85+ years","Disability","556","8"
"85+ years","Former Smoker","148","2.1"
"85+ years","Hypertension","992","14.3"
"85+ years","Immunocompromised","117","1.7"
"85+ years","None","388","5.5"
"85+ years","Other","778","11"
"85+ years","Psychological/Psychiatric","351","5"
"85+ years","Severe/Morbid Obesity","70","1"
"85+ years","Substance Abuse","8","0.1"
