"Date Starting","compliance","Counts","Total Responses in week","Percent","Compliance"
2021-11-28,"Compliant",53,245,22,"Compliant"
2021-12-05,"Compliant",57,269,21,"Compliant"
2021-12-12,"Compliant",75,310,24,"Compliant"
2021-12-19,"Compliant",50,175,29,"Compliant"
2021-12-26,"Compliant",34,143,24,"Compliant"
2022-01-02,"Compliant",61,226,27,"Compliant"
2022-01-09,"Compliant",69,211,33,"Compliant"
2022-01-16,"Compliant",88,193,46,"Compliant"
2022-01-23,"Compliant",14,35,40,"Compliant"
2022-01-30,"Compliant",23,99,23,"Compliant"
2022-02-06,"Compliant",43,128,34,"Compliant"
2022-02-13,"Compliant",32,123,26,"Compliant"
2022-02-20,"Compliant",22,97,23,"Compliant"
2022-02-27,"Compliant",22,139,16,"Compliant"
2022-03-06,"Compliant",29,159,18,"Compliant"
2022-03-13,"Compliant",41,187,22,"Compliant"
2021-11-28,"Not Compliant",192,245,78,"Not Compliant"
2021-12-05,"Not Compliant",212,269,79,"Not Compliant"
2021-12-12,"Not Compliant",235,310,76,"Not Compliant"
2021-12-19,"Not Compliant",125,175,71,"Not Compliant"
2021-12-26,"Not Compliant",109,143,76,"Not Compliant"
2022-01-02,"Not Compliant",165,226,73,"Not Compliant"
2022-01-09,"Not Compliant",142,211,67,"Not Compliant"
2022-01-16,"Not Compliant",105,193,54,"Not Compliant"
2022-01-23,"Not Compliant",21,35,60,"Not Compliant"
2022-01-30,"Not Compliant",76,99,77,"Not Compliant"
2022-02-06,"Not Compliant",85,128,66,"Not Compliant"
2022-02-13,"Not Compliant",91,123,74,"Not Compliant"
2022-02-20,"Not Compliant",75,97,77,"Not Compliant"
2022-02-27,"Not Compliant",117,139,84,"Not Compliant"
2022-03-06,"Not Compliant",130,159,82,"Not Compliant"
2022-03-13,"Not Compliant",146,187,78,"Not Compliant"
