"County","Percent Compliant"
"Beaver","Suppressed"
"Box Elder","14"
"Cache","18"
"Carbon","3"
"Daggett","Suppressed"
"Davis","23"
"Duchesne","7"
"Emery","15"
"Garfield","Suppressed"
"Grand","19"
"Iron","18"
"Juab","10"
"Kane","Suppressed"
"Millard","100"
"Morgan","33"
"Piute","Suppressed"
"Rich","Suppressed"
"Salt Lake","35"
"San Juan","25"
"Sanpete","12"
"Sevier","6"
"Summit","32"
"Tooele","22"
"Uintah","17"
"Utah","19"
"Wasatch","28"
"Washington","17"
"Wayne","Suppressed"
"Weber","32"
