"School","District","Enrollment","Students enrolled in the school - active student cases (last 14 days)","Students enrolled in the school - % of students testing positive (14 days)"
"Alta High","Canyons District","2323","19","0.8%"
"Corner Canyon High","Canyons District","2372","9","0.4%"
"Albion Middle","Canyons District","963","6","0.6%"
"Midvale Middle","Canyons District","954","6","0.6%"
"Butler Middle","Canyons District","915","5","0.5%"
"Altara School","Canyons District","536","5","0.9%"
"Jordan High","Canyons District","1953","<5","<5 student cases"
"Indian Hills Middle","Canyons District","1150","<5","<5 student cases"
"West High","Salt Lake District","2809","<5","<5 student cases"
"Syracuse Arts Academy","Davis County - Charter","1034","<5","<5 student cases"
"Viewmont School","Murray District","469","<5","<5 student cases"
"Mount Jordan Middle","Canyons District","903","<5","<5 student cases"
"Ridgecrest School","Canyons District","516","<5","<5 student cases"
"Dilworth School","Salt Lake District","473","<5","<5 student cases"
"McPolin Elementary","Park City District","399","<5","<5 student cases"
"Boulton School","Davis District","366","<5","<5 student cases"
"Quail Hollow School","Canyons District","478","<5","<5 student cases"
"Butler School","Canyons District","615","<5","<5 student cases"
"Canyon View School","Canyons District","478","<5","<5 student cases"
"Roosevelt Elementary","Granite District","485","<5","<5 student cases"
"American Preparatory Academy - West Valley 2","Salt Lake County - Charter","Enrollment data not available","<5","<5 student cases"
"Granger High","Granite District","3287","<5","<5 student cases"
"Dugway","Tooele District","92","<5","<5 student cases"
"Taylorsville High","Granite District","1954","<5","<5 student cases"
"Silver Summit Academy","South Summit District","104","<5","<5 student cases"
"Hillcrest High","Canyons District","2125","<5","<5 student cases"
"H C Burton School","Davis District","619","<5","<5 student cases"
"Spectrum Academy - Pleasant Grove","Utah County - Charter","624","<5","<5 student cases"
"Kaysville Jr High","Davis District","972","<5","<5 student cases"
"South Jordan Middle","Jordan District","1350","<5","<5 student cases"
"Alta View School","Canyons District","608","<5","<5 student cases"
"Payson High","Nebo District","1612","<5","<5 student cases"
"Ben Lomond High","Ogden City District","1042","<5","<5 student cases"
"Draper School","Canyons District","693","<5","<5 student cases"
"Dancing Moose Montessori River Park","Salt Lake County - Charter","Enrollment data not available","<5","<5 student cases"
"Oak Canyon Jr High","Alpine District","1366","<5","<5 student cases"
"Crescent School","Canyons District","430","<5","<5 student cases"
"Reagan Academy","Utah County - Charter","643","<5","<5 student cases"
"Shoreline Junior High","Davis District","1106","<5","<5 student cases"
"Stewart School","Davis District","577","<5","<5 student cases"
"Early Light Academy at Daybreak","Salt Lake County - Charter","952","<5","<5 student cases"
"Sprucewood School","Canyons District","355","<5","<5 student cases"
"Copper Mountain Middle","Jordan District","1083","<5","<5 student cases"
"Silver Crest School","Jordan District","958","<5","<5 student cases"
"Hurricane Intermediate","Washington District","700","<5","<5 student cases"
"Channing Hall","Salt Lake County - Charter","579","<5","<5 student cases"
"Liberty School","Murray District","335","<5","<5 student cases"
"Salt Lake Center for Science Education","Salt Lake County - Charter","372","<5","<5 student cases"
"Ogden Preparatory Academy","Weber-Morgan - Charter","1039","<5","<5 student cases"
"Frontier Middle School","Alpine District","1426","<5","<5 student cases"
"Hidden Valley Middle","Jordan District","739","<5","<5 student cases"
"Peruvian Park School","Canyons District","532","<5","<5 student cases"
"Orem High","Alpine District","1290","<5","<5 student cases"
"North Davis Preparatory Academy","Davis County - Charter","997","<5","<5 student cases"
"Antelope Elementary","Davis District","572","<5","<5 student cases"
"Endeavour School","Davis District","796","<5","<5 student cases"
"Uintah High","Uintah District","1844","<5","<5 student cases"
"Launch High","Iron District","136","<5","<5 student cases"
"Sally Mauro School","Carbon District","250","<5","<5 student cases"
"New Bridge School","Ogden City District","487","<5","<5 student cases"
"Midvalley School","Canyons District","437","<5","<5 student cases"
"Olympus Jr High","Granite District","819","<5","<5 student cases"
"Brighton High","Canyons District","2184","<5","<5 student cases"
"Midway School","Wasatch District","551","<5","<5 student cases"
"Whitesides School","Davis District","313","<5","<5 student cases"
"Ecker Hill Middle","Park City District","766","<5","<5 student cases"
"Pioneer School","Weber District","427","<5","<5 student cases"
"Water Canyon School","Washington District","187","<5","<5 student cases"
"Sunburst School","Davis District","669","<5","<5 student cases"
"Delta Middle","Millard District","437","<5","<5 student cases"
"Mountain Crest High","Cache District","1484","<5","<5 student cases"
"Redwood School","Granite District","477","<5","<5 student cases"
"Creekside School","Davis District","565","<5","<5 student cases"
"No. UT. Acad. for Math Engineering & Science (NUAMES - Davis)","Davis County - Charter","730","<5","<5 student cases"
"Ogden High","Ogden City District","1051","<5","<5 student cases"
"Green Canyon High School","Cache District","1584","<5","<5 student cases"
"St. Joseph Catholic Elem.","Weber-Morgan - Private","Enrollment data not available","<5","<5 student cases"
"Lindon School","Alpine District","615","<5","<5 student cases"
"Canyon Rim Academy","Salt Lake County - Charter","525","<5","<5 student cases"
"San Juan High","San Juan District","416","<5","<5 student cases"
"Highland Junior High","Ogden City District","703","<5","<5 student cases"
"Davis High","Davis District","2044","<5","<5 student cases"
"Skyline High","Granite District","2134","<5","<5 student cases"
"Timpview High","Provo District","2353","<5","<5 student cases"
"Kanab School","Kane District","458","<5","<5 student cases"
"Washington School","Salt Lake District","227","<5","<5 student cases"
"Crimson Cliffs Middle","Washington District","949","<5","<5 student cases"
"South Kearns School","Granite District","462","<5","<5 student cases"
"Garland School","Box Elder District","645","<5","<5 student cases"
"Centennial Elementary","Alpine District","727","<5","<5 student cases"
"Freedom School","Weber District","820","<5","<5 student cases"
"Country View School","Weber District","624","<5","<5 student cases"
"Fiddlers Canyon School","Iron District","545","<5","<5 student cases"
"West Bountiful School","Davis District","576","<5","<5 student cases"
"Utah Military Academy","Weber-Morgan - Charter","538","<5","<5 student cases"
"Sky View High","Cache District","1439","<5","<5 student cases"
"Mountain Creek Middle School","Jordan District","1156","<5","<5 student cases"
"Bastian Elementary School","Jordan District","979","<5","<5 student cases"
"Silver Hills School","Granite District","394","<5","<5 student cases"
"Spring Canyon Middle School","Nebo District","Enrollment data not available","<5","<5 student cases"
"West Valley School","Granite District","678","<5","<5 student cases"
"Mountain Green Elementary","Morgan District","523","<5","<5 student cases"
"Longview School","Murray District","386","<5","<5 student cases"
"Orem Jr High","Alpine District","1030","<5","<5 student cases"
"Mcgillis School","Salt Lake County - Private","Enrollment data not available","<5","<5 student cases"
"Gearld Wright School","Granite District","600","<5","<5 student cases"
"Bountiful High","Davis District","1347","<5","<5 student cases"
"East Midvale School","Canyons District","493","<5","<5 student cases"
"Pleasant Grove High","Alpine District","2274","<5","<5 student cases"
"Cedar City High","Iron District","1267","<5","<5 student cases"
"Lake Ridge School","Granite District","486","<5","<5 student cases"
"Ensign School","Salt Lake District","324","<5","<5 student cases"
"Pleasant Grove Jr High","Alpine District","1355","<5","<5 student cases"
"Joel P. Jensen Middle","Jordan District","882","<5","<5 student cases"
"Pleasant Green School","Granite District","442","<5","<5 student cases"
"West Hills Middle","Jordan District","1369","<5","<5 student cases"
"East Sandy School","Canyons District","407","<5","<5 student cases"
"Salt Lake Arts Academy","Salt Lake County - Charter","408","<5","<5 student cases"
"Copperview School","Canyons District","388","<5","<5 student cases"
"Sandstone School","Washington District","492","<5","<5 student cases"
"Cyprus High","Granite District","2654","<5","<5 student cases"
"Silver Mesa School","Canyons District","587","<5","<5 student cases"
"Mountain Heights Academy","Salt Lake County - Charter","1337","<5","<5 student cases"
"Clearfield High","Davis District","1955","<5","<5 student cases"
"Park Lane School","Canyons District","364","<5","<5 student cases"
"Lapoint School","Uintah District","157","<5","<5 student cases"
"Parowan High","Iron District","347","<5","<5 student cases"
"Big Water School","Kane District","36","<5","<5 student cases"
