"Date","Daily Cases","3-Day Moving Average","Smoothed 3-Day Moving Average","Status"
2020-03-18,9,0.36,0.84,"Incidence Growth"
2020-03-19,34,0.58,1.01,"Incidence Growth"
2020-03-20,26,0.71,1.18,"Incidence Growth"
2020-03-21,22,0.84,1.35,"Incidence Growth"
2020-03-22,82,1.33,1.52,"Incidence Growth"
2020-03-23,31,1.38,1.69,"Incidence Growth"
2020-03-24,68,1.86,1.86,"Incidence Growth"
2020-03-25,40,1.43,2.02,"Incidence Growth"
2020-03-26,86,1.99,2.18,"Incidence Growth"
2020-03-27,124,2.56,2.34,"Incidence Growth"
2020-03-28,115,3.33,2.48,"Incidence Growth"
2020-03-29,100,3.48,2.62,"Incidence Growth"
2020-03-30,113,3.36,2.75,"Incidence Growth"
2020-03-31,82,3.03,2.87,"Incidence Growth"
2020-04-01,81,2.83,2.98,"Incidence Growth"
2020-04-02,203,3.75,3.08,"Incidence Plateau"
2020-04-03,157,4.52,3.17,"Incidence Plateau"
2020-04-04,167,5.41,3.25,"Incidence Plateau"
2020-04-05,73,4.07,3.33,"Incidence Plateau"
2020-04-06,66,3.14,3.39,"Incidence Plateau"
2020-04-07,83,2.28,3.45,"Incidence Plateau"
2020-04-08,150,3.07,3.5,"Incidence Plateau"
2020-04-09,125,3.67,3.55,"Incidence Plateau"
2020-04-10,120,4.05,3.6,"Incidence Plateau"
2020-04-11,100,3.54,3.64,"Incidence Plateau"
2020-04-12,59,2.86,3.69,"Incidence Plateau"
2020-04-13,47,2.11,3.73,"Incidence Plateau"
2020-04-14,122,2.34,3.78,"Incidence Plateau"
2020-04-15,137,3.14,3.83,"Incidence Plateau"
2020-04-16,130,3.99,3.88,"Incidence Plateau"
2020-04-17,135,4.12,3.92,"Incidence Plateau"
2020-04-18,132,4.07,3.97,"Incidence Plateau"
2020-04-19,148,4.26,4.02,"Incidence Plateau"
2020-04-20,89,3.78,4.07,"Incidence Plateau"
2020-04-21,138,3.85,4.12,"Incidence Plateau"
2020-04-22,161,3.98,4.16,"Incidence Plateau"
2020-04-23,156,4.67,4.2,"Incidence Plateau"
2020-04-24,181,5.11,4.24,"Incidence Plateau"
2020-04-25,182,5.32,4.27,"Incidence Plateau"
2020-04-26,110,4.85,4.3,"Incidence Plateau"
2020-04-27,95,3.97,4.33,"Incidence Plateau"
2020-04-28,147,3.61,4.36,"Incidence Plateau"
2020-04-29,175,4.28,4.38,"Incidence Plateau"
2020-04-30,156,4.9,4.39,"Incidence Plateau"
2020-05-01,157,5.01,4.41,"Incidence Plateau"
2020-05-02,187,5.13,4.42,"Incidence Plateau"
2020-05-03,133,4.89,4.43,"Incidence Plateau"
2020-05-04,129,4.61,4.44,"Incidence Plateau"
2020-05-05,155,4.28,4.44,"Incidence Plateau"
2020-05-06,128,4.23,4.45,"Incidence Plateau"
2020-05-07,194,4.89,4.46,"Incidence Plateau"
2020-05-08,185,5.2,4.47,"Incidence Plateau"
2020-05-09,151,5.44,4.48,"Incidence Plateau"
2020-05-10,116,4.64,4.5,"Incidence Plateau"
2020-05-11,73,3.49,4.52,"Incidence Plateau"
2020-05-12,183,3.82,4.55,"Incidence Plateau"
2020-05-13,129,3.95,4.59,"Incidence Plateau"
2020-05-14,164,4.88,4.63,"Incidence Plateau"
2020-05-15,153,4.57,4.69,"Incidence Plateau"
2020-05-16,172,5.02,4.76,"Incidence Plateau"
2020-05-17,148,4.85,4.84,"Incidence Plateau"
2020-05-18,137,4.69,4.93,"Incidence Plateau"
2020-05-19,199,4.96,5.03,"Incidence Growth"
2020-05-20,160,5.09,5.15,"Incidence Growth"
2020-05-21,194,5.67,5.29,"Incidence Growth"
2020-05-22,183,5.51,5.44,"Incidence Growth"
2020-05-23,140,5.3,5.61,"Incidence Growth"
2020-05-24,131,4.66,5.8,"Incidence Growth"
2020-05-25,95,3.75,6,"Incidence Growth"
2020-05-26,85,3.19,6.23,"Incidence Growth"
2020-05-27,237,4.28,6.46,"Incidence Growth"
2020-05-28,333,6.72,6.72,"Incidence Growth"
2020-05-29,277,8.69,6.99,"Incidence Growth"
2020-05-30,272,9.05,7.27,"Incidence Growth"
2020-05-31,207,7.75,7.56,"Incidence Growth"
2020-06-01,202,6.98,7.87,"Incidence Growth"
2020-06-02,281,7.08,8.17,"Incidence Growth"
2020-06-03,312,8.15,8.48,"Incidence Growth"
2020-06-04,448,10.68,8.8,"Incidence Growth"
2020-06-05,546,13.4,9.12,"Incidence Growth"
2020-06-06,278,13.05,9.44,"Incidence Growth"
2020-06-07,283,11.35,9.77,"Incidence Growth"
2020-06-08,196,7.76,10.09,"Incidence Growth"
2020-06-09,312,8.11,10.43,"Incidence Growth"
2020-06-10,372,9.03,10.77,"Incidence Growth"
2020-06-11,336,10.46,11.11,"Incidence Growth"
2020-06-12,402,11.39,11.46,"Incidence Growth"
2020-06-13,340,11.06,11.82,"Incidence Growth"
2020-06-14,303,10.72,12.18,"Incidence Growth"
2020-06-15,318,9.86,12.56,"Incidence Growth"
2020-06-16,422,10.7,12.93,"Incidence Growth"
2020-06-17,487,12.59,13.31,"Incidence Growth"
2020-06-18,604,15.52,13.69,"Incidence Growth"
2020-06-19,648,17.84,14.06,"Incidence Growth"
2020-06-20,413,17.08,14.42,"Incidence Growth"
2020-06-21,453,15.53,14.78,"Incidence Growth"
2020-06-22,366,12.64,15.14,"Incidence Growth"
2020-06-23,490,13.43,15.48,"Incidence Growth"
2020-06-24,603,14.96,15.81,"Incidence Growth"
2020-06-25,653,17.91,16.13,"Incidence Growth"
2020-06-26,569,18.72,16.44,"Incidence Growth"
2020-06-27,497,17.63,16.73,"Incidence Growth"
2020-06-28,598,17.07,17.01,"Incidence Growth"
2020-06-29,535,16.72,17.28,"Incidence Growth"
2020-06-30,515,16.9,17.54,"Incidence Growth"
2020-07-01,568,16.6,17.77,"Incidence Growth"
2020-07-02,624,17.51,18,"Incidence Growth"
2020-07-03,679,19.19,18.2,"Incidence Growth"
2020-07-04,411,17.58,18.39,"Incidence Growth"
2020-07-05,535,16.67,18.55,"Incidence Growth"
2020-07-06,586,15.71,18.7,"Incidence Growth"
2020-07-07,751,19.2,18.83,"Incidence Growth"
2020-07-08,627,20.14,18.93,"Incidence Plateau"
2020-07-09,876,23.12,19,"Incidence Plateau"
2020-07-10,625,21.83,19.05,"Incidence Plateau"
2020-07-11,644,22,19.07,"Incidence Plateau"
2020-07-12,591,19.08,19.06,"Incidence Plateau"
2020-07-13,478,17.57,19.02,"Incidence Plateau"
2020-07-14,461,15.69,18.95,"Incidence Plateau"
2020-07-15,709,16.9,18.85,"Incidence Decline"
2020-07-16,747,19.66,18.72,"Incidence Decline"
2020-07-17,742,22.54,18.57,"Incidence Decline"
2020-07-18,803,23.51,18.38,"Incidence Decline"
2020-07-19,412,20.07,18.18,"Incidence Decline"
2020-07-20,447,17.05,17.95,"Incidence Decline"
2020-07-21,556,14.51,17.69,"Incidence Decline"
2020-07-22,511,15.53,17.42,"Incidence Decline"
2020-07-23,870,19.87,17.12,"Incidence Decline"
2020-07-24,668,21.02,16.81,"Incidence Decline"
2020-07-25,358,19.45,16.49,"Incidence Decline"
2020-07-26,435,14.99,16.17,"Incidence Decline"
2020-07-27,423,12.47,15.83,"Incidence Decline"
2020-07-28,340,12.29,15.5,"Incidence Decline"
2020-07-29,496,12.91,15.17,"Incidence Decline"
2020-07-30,507,13.77,14.84,"Incidence Decline"
2020-07-31,492,15.33,14.52,"Incidence Decline"
2020-08-01,481,15.18,14.2,"Incidence Decline"
2020-08-02,341,13.48,13.89,"Incidence Decline"
2020-08-03,370,12.23,13.59,"Incidence Decline"
2020-08-04,412,11.52,13.31,"Incidence Decline"
2020-08-05,578,13.95,13.03,"Incidence Decline"
2020-08-06,453,14.8,12.76,"Incidence Decline"
2020-08-07,384,14.51,12.51,"Incidence Decline"
2020-08-08,381,12.49,12.27,"Incidence Decline"
2020-08-09,272,10.64,12.05,"Incidence Decline"
2020-08-10,352,10.31,11.84,"Incidence Decline"
2020-08-11,321,9.69,11.64,"Incidence Decline"
2020-08-12,334,10.33,11.47,"Incidence Decline"
2020-08-13,558,12.44,11.31,"Incidence Decline"
2020-08-14,357,12.81,11.18,"Incidence Decline"
2020-08-15,339,12.86,11.06,"Incidence Decline"
2020-08-16,239,9.59,10.96,"Incidence Plateau"
2020-08-17,262,8.62,10.89,"Incidence Plateau"
2020-08-18,364,8.87,10.83,"Incidence Plateau"
2020-08-19,458,11.12,10.8,"Incidence Plateau"
2020-08-20,483,13.39,10.79,"Incidence Plateau"
2020-08-21,375,13.5,10.8,"Incidence Plateau"
2020-08-22,298,11.86,10.83,"Incidence Plateau"
2020-08-23,249,9.46,10.88,"Incidence Plateau"
2020-08-24,402,9.73,10.96,"Incidence Plateau"
2020-08-25,413,10.91,11.06,"Incidence Growth"
2020-08-26,387,12.33,11.19,"Incidence Growth"
2020-08-27,391,12.22,11.35,"Incidence Growth"
2020-08-28,473,12.83,11.54,"Incidence Growth"
2020-08-29,463,13.61,11.75,"Incidence Growth"
2020-08-30,256,12.23,12,"Incidence Growth"
2020-08-31,289,10.34,12.29,"Incidence Growth"
2020-09-01,422,9.92,12.61,"Incidence Growth"
2020-09-02,514,12.56,12.97,"Incidence Growth"
2020-09-03,507,14.8,13.37,"Incidence Growth"
2020-09-04,453,15.12,13.81,"Incidence Growth"
2020-09-05,403,13.98,14.29,"Incidence Growth"
2020-09-06,341,12.28,14.83,"Incidence Growth"
2020-09-07,316,10.87,15.4,"Incidence Growth"
2020-09-08,313,9.95,16.03,"Incidence Growth"
2020-09-09,388,10.43,16.7,"Incidence Growth"
2020-09-10,680,14.16,17.41,"Incidence Growth"
2020-09-11,589,17,18.17,"Incidence Growth"
2020-09-12,656,19.74,18.95,"Incidence Growth"
2020-09-13,557,18.48,19.76,"Incidence Growth"
2020-09-14,580,18.39,20.58,"Incidence Growth"
2020-09-15,747,19.32,21.41,"Incidence Growth"
2020-09-16,918,23.03,22.24,"Incidence Growth"
2020-09-17,1123,28.6,23.06,"Incidence Growth"
2020-09-18,1092,32.13,23.86,"Incidence Growth"
2020-09-19,919,32.14,24.65,"Incidence Growth"
2020-09-20,641,27.2,25.41,"Incidence Growth"
2020-09-21,636,22.52,26.14,"Incidence Growth"
2020-09-22,895,22.28,26.84,"Incidence Growth"
2020-09-23,1236,28.38,27.51,"Incidence Growth"
2020-09-24,1434,36.57,28.14,"Incidence Growth"
2020-09-25,1031,37.96,28.74,"Incidence Growth"
2020-09-26,1078,36.34,29.32,"Incidence Growth"
2020-09-27,886,30.72,29.86,"Incidence Growth"
2020-09-28,664,26.95,30.37,"Incidence Growth"
2020-09-29,925,25.39,30.87,"Incidence Growth"
2020-09-30,1003,26.59,31.34,"Incidence Growth"
2020-10-01,1131,31.38,31.81,"Incidence Growth"
2020-10-02,1102,33.19,32.27,"Incidence Growth"
2020-10-03,1391,37.17,32.74,"Incidence Growth"
2020-10-04,1085,36.7,33.2,"Incidence Growth"
2020-10-05,739,32.98,33.66,"Incidence Growth"
2020-10-06,995,28.91,34.13,"Incidence Growth"
2020-10-07,1511,33.28,34.6,"Incidence Growth"
2020-10-08,1368,39.73,35.09,"Incidence Growth"
2020-10-09,1373,43.61,35.59,"Incidence Growth"
2020-10-10,1218,40.61,36.12,"Incidence Growth"
2020-10-11,994,36.77,36.67,"Incidence Growth"
2020-10-12,960,32.53,37.26,"Incidence Growth"
2020-10-13,1149,31.83,37.89,"Incidence Growth"
2020-10-14,1516,37.18,38.57,"Incidence Growth"
2020-10-15,1524,42.97,39.31,"Incidence Growth"
2020-10-16,1333,44.85,40.11,"Incidence Growth"
2020-10-17,1125,40.84,40.97,"Incidence Growth"
2020-10-18,1180,37.31,41.92,"Incidence Growth"
2020-10-19,1056,34.47,42.94,"Incidence Growth"
2020-10-20,1299,36.26,44.04,"Incidence Growth"
2020-10-21,1652,41.1,45.24,"Incidence Growth"
2020-10-22,2020,50.99,46.51,"Incidence Growth"
2020-10-23,1634,54.42,47.88,"Incidence Growth"
2020-10-24,1827,56.22,49.34,"Incidence Growth"
2020-10-25,1176,47.56,50.88,"Incidence Growth"
2020-10-26,1134,42.43,52.52,"Incidence Growth"
2020-10-27,1590,40,54.24,"Incidence Growth"
2020-10-28,1860,47.02,56.06,"Incidence Growth"
2020-10-29,2393,59.93,57.96,"Incidence Growth"
2020-10-30,1727,61.34,59.95,"Incidence Growth"
2020-10-31,1874,61.48,62.01,"Incidence Growth"
2020-11-01,1209,49.34,64.14,"Incidence Growth"
2020-11-02,1686,48.91,66.31,"Incidence Growth"
2020-11-03,2135,51.59,68.51,"Incidence Growth"
2020-11-04,2844,68.36,70.73,"Incidence Growth"
2020-11-05,3047,82.32,72.94,"Incidence Growth"
2020-11-06,3007,91.26,75.12,"Incidence Growth"
2020-11-07,2454,87.26,77.25,"Incidence Growth"
2020-11-08,2248,79.07,79.31,"Incidence Growth"
2020-11-09,2439,73.24,81.27,"Incidence Growth"
2020-11-10,2318,71.85,83.12,"Incidence Growth"
2020-11-11,4001,89.83,84.83,"Incidence Growth"
2020-11-12,3442,100.12,86.39,"Incidence Growth"
2020-11-13,4120,118.6,87.79,"Incidence Growth"
2020-11-14,2664,104.89,89.01,"Incidence Growth"
2020-11-15,1989,89.98,90.05,"Incidence Growth"
2020-11-16,3188,80.42,90.9,"Incidence Growth"
2020-11-17,3004,83.91,91.57,"Incidence Growth"
2020-11-18,4006,104.6,92.05,"Incidence Growth"
2020-11-19,4643,119.52,92.35,"Incidence Growth"
2020-11-20,3402,123.6,92.46,"Incidence Plateau"
2020-11-21,3283,116.19,92.4,"Incidence Plateau"
2020-11-22,2223,91.37,92.2,"Incidence Plateau"
2020-11-23,2670,83.86,91.88,"Incidence Plateau"
2020-11-24,1784,68.48,91.48,"Incidence Plateau"
2020-11-25,3889,85.57,91.03,"Incidence Decline"
2020-11-26,2305,81.83,90.55,"Incidence Decline"
2020-11-27,2077,84.83,90.07,"Incidence Decline"
2020-11-28,1744,62.83,89.57,"Incidence Decline"
2020-11-29,1920,58.88,89.06,"Incidence Decline"
2020-11-30,2534,63.57,88.54,"Incidence Decline"
2020-12-01,4048,87.2,88,"Incidence Decline"
2020-12-02,3943,107.95,87.46,"Incidence Decline"
2020-12-03,2998,112.71,86.9,"Incidence Decline"
2020-12-04,3708,109.22,86.32,"Incidence Decline"
2020-12-05,2600,95.45,85.72,"Incidence Decline"
2020-12-06,2211,87.38,85.07,"Incidence Decline"
2020-12-07,2328,73.22,84.4,"Incidence Decline"
2020-12-08,2574,72.96,83.69,"Incidence Decline"
2020-12-09,3428,85.44,82.97,"Incidence Decline"
2020-12-10,3201,94.39,82.24,"Incidence Decline"
2020-12-11,2711,95.8,81.52,"Incidence Decline"
2020-12-12,2096,82.14,80.82,"Incidence Decline"
2020-12-13,1963,69.44,80.15,"Incidence Decline"
2020-12-14,1934,61.47,79.52,"Incidence Decline"
2020-12-15,3037,71.12,78.93,"Incidence Decline"
2020-12-16,3212,83.93,78.4,"Incidence Decline"
2020-12-17,2684,91.62,77.92,"Incidence Decline"
2020-12-18,2431,85.41,77.52,"Incidence Decline"
2020-12-19,2014,73.12,77.19,"Incidence Decline"
2020-12-20,1803,64.08,76.94,"Incidence Decline"
2020-12-21,2285,62.59,76.78,"Incidence Decline"
2020-12-22,2654,69.15,76.72,"Incidence Plateau"
2020-12-23,2925,80.66,76.76,"Incidence Plateau"
2020-12-24,2547,83.35,76.9,"Incidence Growth"
2020-12-25,991,66.29,77.15,"Incidence Growth"
2020-12-26,815,44.65,77.48,"Incidence Growth"
2020-12-27,1711,36.07,77.88,"Incidence Growth"
2020-12-28,2752,54.14,78.34,"Incidence Growth"
2020-12-29,2631,72.76,78.84,"Incidence Growth"
2020-12-30,4706,103.48,79.35,"Incidence Growth"
2020-12-31,3123,107.29,79.84,"Incidence Growth"
2021-01-01,1956,100.36,80.27,"Incidence Growth"
2021-01-02,1846,71.03,80.61,"Incidence Growth"
2021-01-03,2173,61.28,80.82,"Incidence Growth"
2021-01-04,3390,75.99,80.88,"Incidence Plateau"
2021-01-05,3820,96.24,80.76,"Incidence Plateau"
2021-01-06,4624,121.38,80.46,"Incidence Plateau"
2021-01-07,3842,126.01,79.97,"Incidence Plateau"
2021-01-08,2630,113.81,79.27,"Incidence Plateau"
2021-01-09,2325,90.23,78.36,"Incidence Decline"
2021-01-10,1474,65.94,77.25,"Incidence Decline"
2021-01-11,2149,61.01,75.97,"Incidence Decline"
2021-01-12,2918,67.09,74.54,"Incidence Decline"
2021-01-13,2757,80.25,72.99,"Incidence Decline"
2021-01-14,2424,83.07,71.34,"Incidence Decline"
2021-01-15,2159,75.28,69.62,"Incidence Decline"
2021-01-16,1581,63.22,67.84,"Incidence Decline"
2021-01-17,1072,49.36,66.02,"Incidence Decline"
2021-01-18,1308,40.63,64.18,"Incidence Decline"
2021-01-19,2152,46.48,62.33,"Incidence Decline"
2021-01-20,2094,56.97,60.48,"Incidence Decline"
2021-01-21,2640,70.63,58.65,"Incidence Decline"
2021-01-22,1764,66.65,56.84,"Incidence Decline"
2021-01-23,1507,60.63,55.05,"Incidence Decline"
2021-01-24,851,42.28,53.28,"Incidence Decline"
2021-01-25,1417,38.72,51.54,"Incidence Decline"
2021-01-26,2014,43.92,49.84,"Incidence Decline"
2021-01-27,1766,53.3,48.18,"Incidence Decline"
2021-01-28,1510,54.26,46.55,"Incidence Decline"
2021-01-29,1480,48.78,44.98,"Incidence Decline"
2021-01-30,1190,42.87,43.45,"Incidence Decline"
2021-01-31,585,33.39,41.97,"Incidence Decline"
2021-02-01,1200,30.51,40.54,"Incidence Decline"
2021-02-02,1591,34.63,39.17,"Incidence Decline"
2021-02-03,1273,41.68,37.85,"Incidence Decline"
2021-02-04,1223,41.92,36.58,"Incidence Decline"
2021-02-05,1208,37.99,35.37,"Incidence Decline"
2021-02-06,913,34.3,34.21,"Incidence Decline"
2021-02-07,514,27.03,33.1,"Incidence Decline"
2021-02-08,930,24.18,32.04,"Incidence Decline"
2021-02-09,1304,28.19,31.02,"Incidence Decline"
2021-02-10,1250,35.73,30.05,"Incidence Decline"
2021-02-11,1042,36.88,29.12,"Incidence Decline"
2021-02-12,943,33.18,28.23,"Incidence Decline"
2021-02-13,711,27.65,27.38,"Incidence Decline"
2021-02-14,463,21.71,26.57,"Incidence Decline"
2021-02-15,581,18,25.79,"Incidence Decline"
2021-02-16,897,19.91,25.05,"Incidence Decline"
2021-02-17,1147,26.92,24.35,"Incidence Decline"
2021-02-18,858,29.77,23.67,"Incidence Decline"
2021-02-19,783,28.6,23.03,"Incidence Decline"
2021-02-20,705,24.06,22.41,"Incidence Decline"
2021-02-21,334,18.69,21.82,"Incidence Decline"
2021-02-22,714,17.98,21.25,"Incidence Decline"
2021-02-23,823,19.19,20.7,"Incidence Decline"
2021-02-24,833,24.31,20.18,"Incidence Decline"
2021-02-25,655,23.7,19.68,"Incidence Decline"
2021-02-26,687,22.31,19.2,"Incidence Decline"
2021-02-27,465,18.53,18.75,"Incidence Decline"
2021-02-28,263,14.51,18.32,"Incidence Decline"
2021-03-01,483,12.42,17.92,"Incidence Decline"
2021-03-02,723,15.07,17.54,"Incidence Decline"
2021-03-03,618,18.71,17.18,"Incidence Decline"
2021-03-04,553,19.43,16.85,"Incidence Decline"
2021-03-05,560,17.75,16.54,"Incidence Decline"
2021-03-06,415,15.67,16.25,"Incidence Decline"
2021-03-07,253,12.6,15.98,"Incidence Decline"
2021-03-08,558,12.57,15.73,"Incidence Decline"
2021-03-09,654,15.03,15.49,"Incidence Decline"
2021-03-10,662,19.22,15.27,"Incidence Decline"
2021-03-11,521,18.84,15.06,"Incidence Decline"
2021-03-12,494,17.2,14.86,"Incidence Decline"
2021-03-13,398,14.49,14.67,"Incidence Decline"
2021-03-14,221,11.42,14.49,"Incidence Decline"
2021-03-15,484,11.31,14.31,"Incidence Decline"
2021-03-16,695,14.36,14.14,"Incidence Decline"
2021-03-17,566,17.9,13.98,"Incidence Decline"
2021-03-18,447,17.52,13.83,"Incidence Decline"
2021-03-19,457,15.08,13.68,"Incidence Decline"
2021-03-20,371,13.08,13.54,"Incidence Decline"
2021-03-21,162,10.15,13.41,"Incidence Decline"
2021-03-22,386,9.43,13.29,"Incidence Decline"
2021-03-23,566,11.43,13.18,"Incidence Decline"
2021-03-24,531,15.21,13.07,"Incidence Decline"
2021-03-25,450,15.87,12.97,"Incidence Plateau"
2021-03-26,453,14.71,12.87,"Incidence Plateau"
2021-03-27,387,13.23,12.78,"Incidence Plateau"
2021-03-28,191,10.57,12.7,"Incidence Plateau"
2021-03-29,370,9.72,12.63,"Incidence Plateau"
2021-03-30,521,11.1,12.56,"Incidence Plateau"
2021-03-31,495,14.22,12.49,"Incidence Plateau"
2021-04-01,425,14.78,12.43,"Incidence Plateau"
2021-04-02,447,14.02,12.38,"Incidence Plateau"
2021-04-03,343,12.46,12.33,"Incidence Plateau"
2021-04-04,173,9.88,12.28,"Incidence Plateau"
2021-04-05,306,8.43,12.24,"Incidence Plateau"
2021-04-06,612,11.19,12.2,"Incidence Plateau"
2021-04-07,485,14.39,12.17,"Incidence Plateau"
2021-04-08,443,15.8,12.13,"Incidence Plateau"
2021-04-09,404,13.66,12.1,"Incidence Plateau"
2021-04-10,344,12.22,12.07,"Incidence Plateau"
2021-04-11,184,9.56,12.03,"Incidence Plateau"
2021-04-12,361,9.12,12,"Incidence Plateau"
2021-04-13,532,11.05,11.97,"Incidence Plateau"
2021-04-14,453,13.81,11.94,"Incidence Plateau"
2021-04-15,466,14.88,11.91,"Incidence Plateau"
2021-04-16,411,13.64,11.87,"Incidence Plateau"
2021-04-17,244,11.5,11.84,"Incidence Plateau"
2021-04-18,199,8.76,11.8,"Incidence Plateau"
2021-04-19,314,7.76,11.76,"Incidence Plateau"
2021-04-20,592,11.33,11.72,"Incidence Plateau"
2021-04-21,464,14.05,11.68,"Incidence Plateau"
2021-04-22,348,14.4,11.63,"Incidence Plateau"
2021-04-23,466,13.11,11.58,"Incidence Plateau"
2021-04-24,280,11.22,11.52,"Incidence Plateau"
2021-04-25,246,10.17,11.45,"Incidence Plateau"
2021-04-26,330,8.78,11.38,"Incidence Plateau"
2021-04-27,525,11.29,11.31,"Incidence Plateau"
2021-04-28,459,13.48,11.22,"Incidence Plateau"
2021-04-29,342,13.6,11.13,"Incidence Plateau"
2021-04-30,409,12.41,11.04,"Incidence Plateau"
2021-05-01,277,10.54,10.94,"Incidence Decline"
2021-05-02,227,9.36,10.83,"Incidence Decline"
2021-05-03,261,7.85,10.71,"Incidence Decline"
2021-05-04,480,9.93,10.6,"Incidence Decline"
2021-05-05,397,11.67,10.47,"Incidence Decline"
2021-05-06,384,12.93,10.34,"Incidence Decline"
2021-05-07,361,11.71,10.21,"Incidence Decline"
2021-05-08,232,10.02,10.08,"Incidence Decline"
2021-05-09,208,8.22,9.94,"Incidence Decline"
2021-05-10,219,6.76,9.79,"Incidence Decline"
2021-05-11,463,9.13,9.65,"Incidence Decline"
2021-05-12,416,11.26,9.5,"Incidence Decline"
2021-05-13,344,12.54,9.34,"Incidence Decline"
2021-05-14,320,11.08,9.19,"Incidence Decline"
2021-05-15,247,9.34,9.03,"Incidence Decline"
2021-05-16,170,7.56,8.87,"Incidence Decline"
2021-05-17,255,6.89,8.71,"Incidence Decline"
2021-05-18,427,8.74,8.55,"Incidence Decline"
2021-05-19,265,9.71,8.4,"Incidence Decline"
2021-05-20,298,10.15,8.25,"Incidence Decline"
2021-05-21,260,8.44,8.11,"Incidence Decline"
2021-05-22,224,8.02,7.97,"Incidence Decline"
2021-05-23,148,6.48,7.84,"Incidence Decline"
2021-05-24,189,5.75,7.73,"Incidence Decline"
2021-05-25,277,6.3,7.62,"Incidence Plateau"
2021-05-26,307,7.93,7.53,"Incidence Plateau"
2021-05-27,275,8.81,7.46,"Incidence Plateau"
2021-05-28,198,8,7.4,"Incidence Plateau"
2021-05-29,170,6.6,7.36,"Incidence Plateau"
2021-05-30,140,5.21,7.34,"Incidence Plateau"
2021-05-31,113,4.34,7.33,"Incidence Plateau"
2021-06-01,204,4.69,7.34,"Incidence Plateau"
2021-06-02,338,6.72,7.37,"Incidence Plateau"
2021-06-03,287,8.5,7.42,"Incidence Plateau"
2021-06-04,306,9.55,7.48,"Incidence Plateau"
2021-06-05,220,8.34,7.55,"Incidence Plateau"
2021-06-06,174,7.18,7.63,"Incidence Plateau"
2021-06-07,251,6.62,7.72,"Incidence Plateau"
2021-06-08,368,8.13,7.82,"Incidence Growth"
2021-06-09,317,9.6,7.93,"Incidence Growth"
2021-06-10,265,9.74,8.04,"Incidence Growth"
2021-06-11,356,9.62,8.16,"Incidence Growth"
2021-06-12,190,8.32,8.29,"Incidence Growth"
2021-06-13,169,7.33,8.42,"Incidence Growth"
2021-06-14,239,6.13,8.56,"Incidence Growth"
2021-06-15,412,8.41,8.71,"Incidence Growth"
2021-06-16,371,10.48,8.86,"Incidence Growth"
2021-06-17,323,11.34,9.02,"Incidence Growth"
2021-06-18,288,10.07,9.19,"Incidence Growth"
2021-06-19,252,8.85,9.36,"Incidence Growth"
2021-06-20,161,7.19,9.55,"Incidence Growth"
2021-06-21,253,6.83,9.73,"Incidence Growth"
2021-06-22,523,9.61,9.93,"Incidence Growth"
2021-06-23,458,12.66,10.13,"Incidence Growth"
2021-06-24,311,13.25,10.34,"Incidence Growth"
2021-06-25,351,11.49,10.56,"Incidence Growth"
2021-06-26,280,9.66,10.78,"Incidence Growth"
2021-06-27,252,9.06,11.01,"Incidence Growth"
2021-06-28,373,9.28,11.25,"Incidence Growth"
2021-06-29,565,12.21,11.49,"Incidence Growth"
2021-06-30,542,15.18,11.74,"Incidence Growth"
2021-07-01,436,15.83,12,"Incidence Growth"
2021-07-02,478,14.93,12.28,"Incidence Growth"
2021-07-03,348,12.94,12.56,"Incidence Growth"
2021-07-04,161,10.12,12.86,"Incidence Growth"
2021-07-05,164,6.9,13.17,"Incidence Growth"
2021-07-06,393,7.36,13.5,"Incidence Growth"
2021-07-07,671,12.6,13.84,"Incidence Growth"
2021-07-08,649,17.57,14.2,"Incidence Growth"
2021-07-09,458,18.24,14.57,"Incidence Growth"
2021-07-10,483,16.31,14.96,"Incidence Growth"
2021-07-11,261,12.33,15.37,"Incidence Growth"
2021-07-12,480,12.55,15.78,"Incidence Growth"
2021-07-13,600,13.75,16.21,"Incidence Growth"
2021-07-14,692,18.18,16.65,"Incidence Growth"
2021-07-15,681,20.24,17.09,"Incidence Growth"
2021-07-16,624,20.48,17.54,"Incidence Growth"
2021-07-17,514,18.66,17.99,"Incidence Growth"
2021-07-18,403,15.81,18.44,"Incidence Growth"
2021-07-19,566,15.21,18.9,"Incidence Growth"
2021-07-20,866,18.82,19.36,"Incidence Growth"
2021-07-21,816,23.06,19.81,"Incidence Growth"
2021-07-22,767,25.12,20.27,"Incidence Growth"
2021-07-23,668,23.09,20.72,"Incidence Growth"
2021-07-24,504,19.89,21.18,"Incidence Growth"
2021-07-25,331,15.42,21.64,"Incidence Growth"
2021-07-26,613,14.85,22.09,"Incidence Growth"
2021-07-27,839,18.29,22.54,"Incidence Growth"
2021-07-28,1109,26.27,22.98,"Incidence Growth"
2021-07-29,1215,32.44,23.41,"Incidence Growth"
2021-07-30,955,33.63,23.83,"Incidence Growth"
2021-07-31,787,30.33,24.24,"Incidence Growth"
2021-08-01,498,22.98,24.63,"Incidence Growth"
2021-08-02,734,20.71,25.01,"Incidence Growth"
2021-08-03,1049,23.4,25.38,"Incidence Growth"
2021-08-04,1096,29.53,25.76,"Incidence Growth"
2021-08-05,895,31.18,26.13,"Incidence Growth"
2021-08-06,947,30.13,26.52,"Incidence Growth"
2021-08-07,660,25.66,26.91,"Incidence Growth"
2021-08-08,402,20.61,27.32,"Incidence Growth"
2021-08-09,635,17.41,27.75,"Incidence Growth"
2021-08-10,1109,22.01,28.2,"Incidence Growth"
2021-08-11,1242,30.63,28.68,"Incidence Growth"
2021-08-12,885,33.19,29.19,"Incidence Growth"
2021-08-13,1137,33.48,29.72,"Incidence Growth"
2021-08-14,881,29.78,30.28,"Incidence Growth"
2021-08-15,418,24.99,30.86,"Incidence Growth"
2021-08-16,971,23.28,31.46,"Incidence Growth"
2021-08-17,1484,29.47,32.08,"Incidence Growth"
2021-08-18,1282,38.33,32.72,"Incidence Growth"
2021-08-19,1122,39.88,33.37,"Incidence Growth"
2021-08-20,1216,37.13,34.04,"Incidence Growth"
2021-08-21,860,32.8,34.72,"Incidence Growth"
2021-08-22,646,27.92,35.41,"Incidence Growth"
2021-08-23,1139,27.13,36.11,"Incidence Growth"
2021-08-24,1581,34.52,36.8,"Incidence Growth"
2021-08-25,1492,43.2,37.5,"Incidence Growth"
2021-08-26,1298,44.83,38.19,"Incidence Growth"
2021-08-27,1598,45.01,38.87,"Incidence Growth"
2021-08-28,1121,41.2,39.54,"Incidence Growth"
2021-08-29,597,34.01,40.19,"Incidence Growth"
2021-08-30,1221,30.14,40.82,"Incidence Growth"
2021-08-31,1677,35.85,41.43,"Incidence Growth"
2021-09-01,1689,47.05,42,"Incidence Growth"
2021-09-02,1627,51.21,42.55,"Incidence Growth"
2021-09-03,1870,53.19,43.06,"Incidence Growth"
2021-09-04,1185,48.02,43.54,"Incidence Growth"
2021-09-05,916,40.73,43.97,"Incidence Growth"
2021-09-06,707,28.8,44.36,"Incidence Growth"
2021-09-07,1533,32.37,44.71,"Incidence Growth"
2021-09-08,2164,45.17,45.01,"Incidence Growth"
2021-09-09,2189,60.37,45.26,"Incidence Growth"
2021-09-10,1843,63.55,45.45,"Incidence Growth"
2021-09-11,1358,55.28,45.58,"Incidence Growth"
2021-09-12,1020,43.29,45.66,"Incidence Plateau"
2021-09-13,1267,37.39,45.67,"Incidence Plateau"
2021-09-14,1880,42.74,45.63,"Incidence Plateau"
2021-09-15,1884,51.6,45.54,"Incidence Plateau"
2021-09-16,1752,56.58,45.41,"Incidence Plateau"
2021-09-17,1369,51.34,45.25,"Incidence Decline"
2021-09-18,1124,43.54,45.06,"Incidence Decline"
2021-09-19,896,34.76,44.84,"Incidence Decline"
2021-09-20,1332,34.38,44.61,"Incidence Decline"
2021-09-21,1716,40.45,44.38,"Incidence Decline"
2021-09-22,1608,47.76,44.14,"Incidence Decline"
2021-09-23,1671,51.23,43.9,"Incidence Decline"
2021-09-24,1360,47.58,43.67,"Incidence Decline"
2021-09-25,1027,41.62,43.45,"Incidence Decline"
2021-09-26,794,32.63,43.24,"Incidence Decline"
2021-09-27,1123,30.2,43.05,"Incidence Decline"
2021-09-28,1794,38.06,42.87,"Incidence Decline"
2021-09-29,1696,47.31,42.7,"Incidence Decline"
2021-09-30,1721,53.45,42.56,"Incidence Decline"
2021-10-01,1369,49.09,42.42,"Incidence Decline"
2021-10-02,1078,42.75,42.31,"Incidence Decline"
2021-10-03,843,33.74,42.21,"Incidence Plateau"
2021-10-04,1255,32.58,42.12,"Incidence Plateau"
2021-10-05,1972,41.75,42.05,"Incidence Plateau"
2021-10-06,1750,51.05,41.99,"Incidence Plateau"
2021-10-07,1655,55.15,41.95,"Incidence Plateau"
2021-10-08,1245,47.69,41.92,"Incidence Plateau"
2021-10-09,858,38.55,41.93,"Incidence Plateau"
2021-10-10,1223,34.11,41.95,"Incidence Plateau"
2021-10-11,1095,32.58,42,"Incidence Plateau"
2021-10-12,1825,42.49,42.09,"Incidence Plateau"
2021-10-13,1240,42.67,42.2,"Incidence Growth"
2021-10-14,1504,46.86,42.36,"Incidence Growth"
2021-10-15,1322,41.7,42.55,"Incidence Growth"
2021-10-16,1090,40.17,42.79,"Incidence Growth"
2021-10-17,631,31.21,43.06,"Incidence Growth"
2021-10-18,1350,31.5,43.36,"Incidence Growth"
2021-10-19,1378,34.45,43.69,"Incidence Growth"
2021-10-20,2343,52.01,44.03,"Incidence Growth"
2021-10-21,1640,54.99,44.39,"Incidence Growth"
2021-10-22,1673,58.01,44.76,"Incidence Growth"
2021-10-23,1248,46.78,45.13,"Incidence Growth"
2021-10-24,727,37.42,45.5,"Incidence Growth"
2021-10-25,1626,36.93,45.87,"Incidence Growth"
2021-10-26,2037,45.03,46.23,"Incidence Growth"
2021-10-27,1833,56.37,46.57,"Incidence Growth"
2021-10-28,1810,58.26,46.9,"Incidence Growth"
2021-10-29,1613,53.91,47.22,"Incidence Growth"
2021-10-30,636,41.63,47.52,"Incidence Growth"
2021-10-31,966,32.98,47.8,"Incidence Growth"
2021-11-01,1271,29.47,48.06,"Incidence Growth"
2021-11-02,2116,44.65,48.3,"Incidence Growth"
2021-11-03,2257,57.89,48.52,"Incidence Growth"
2021-11-04,1878,64.12,48.7,"Incidence Growth"
2021-11-05,2021,63.14,48.84,"Incidence Growth"
2021-11-06,806,48.26,48.94,"Incidence Plateau"
2021-11-07,1206,41.37,48.99,"Incidence Plateau"
2021-11-08,1544,36.47,48.99,"Incidence Plateau"
2021-11-09,1544,44.04,48.93,"Incidence Plateau"
2021-11-10,2077,52.98,48.82,"Incidence Plateau"
2021-11-11,1774,55.34,48.65,"Incidence Decline"
2021-11-12,2036,60.38,48.42,"Incidence Decline"
2021-11-13,1308,52.49,48.13,"Incidence Decline"
2021-11-14,1150,46.09,47.77,"Incidence Decline"
2021-11-15,1260,38.13,47.35,"Incidence Decline"
2021-11-16,2097,46.23,46.87,"Incidence Decline"
2021-11-17,1793,52.82,46.32,"Incidence Decline"
2021-11-18,1767,58.02,45.71,"Incidence Decline"
2021-11-19,1575,52.67,45.04,"Incidence Decline"
2021-11-20,1223,46.82,44.32,"Incidence Decline"
2021-11-21,1038,39.35,43.57,"Incidence Decline"
2021-11-22,1161,35.1,42.77,"Incidence Decline"
2021-11-23,1758,40.59,41.95,"Incidence Decline"
2021-11-24,1554,45.88,41.11,"Incidence Decline"
2021-11-25,885,43.05,40.26,"Incidence Decline"
2021-11-26,558,30.74,39.39,"Incidence Decline"
2021-11-27,1014,25.2,38.51,"Incidence Decline"
2021-11-28,903,25.39,37.62,"Incidence Decline"
2021-11-29,1186,31.83,36.73,"Incidence Decline"
2021-11-30,2296,44.98,35.83,"Incidence Decline"
2021-12-01,1971,55.93,34.94,"Incidence Decline"
2021-12-02,1881,63.06,34.04,"Incidence Decline"
2021-12-03,1428,54.16,33.16,"Incidence Decline"
2021-12-04,1166,45.9,32.28,"Incidence Decline"
2021-12-05,908,35.92,31.42,"Incidence Decline"
2021-12-06,1120,32.76,30.61,"Incidence Decline"
2021-12-07,1422,35.39,29.88,"Incidence Decline"
2021-12-08,1376,40.19,29.26,"Incidence Decline"
2021-12-09,1329,42.33,28.81,"Incidence Decline"
2021-12-10,1083,38.85,28.54,"Incidence Decline"
2021-12-11,874,33.7,28.52,"Incidence Growth"
2021-12-12,745,27.71,28.77,"Incidence Growth"
2021-12-13,904,25.88,29.36,"Incidence Growth"
2021-12-14,1282,30.06,30.32,"Incidence Growth"
2021-12-15,1115,33.86,31.71,"Incidence Growth"
2021-12-16,1021,35.06,33.57,"Incidence Growth"
2021-12-17,910,31.24,35.95,"Incidence Growth"
2021-12-18,866,28.69,38.9,"Incidence Growth"
2021-12-19,758,25.99,42.46,"Incidence Growth"
2021-12-20,805,24.91,46.69,"Incidence Growth"
2021-12-21,1383,30.22,51.63,"Incidence Growth"
2021-12-22,1271,35.48,57.29,"Incidence Growth"
2021-12-23,1479,42.39,63.68,"Incidence Growth"
2021-12-24,1307,41.61,70.8,"Incidence Growth"
2021-12-25,1215,41.04,78.66,"Incidence Growth"
2021-12-26,621,32.24,87.28,"Incidence Growth"
2021-12-27,1779,37.08,96.63,"Incidence Growth"
2021-12-28,3244,57.89,106.67,"Incidence Growth"
2021-12-29,3556,87.99,117.31,"Incidence Growth"
2021-12-30,4649,117.43,128.48,"Incidence Growth"
2021-12-31,3789,123.02,140.1,"Incidence Growth"
2022-01-01,3230,119.68,152.09,"Incidence Growth"
2022-01-02,3068,103.46,164.3,"Incidence Growth"
2022-01-03,4573,111.5,176.58,"Incidence Growth"
2022-01-04,7096,151.15,188.78,"Incidence Growth"
2022-01-05,8872,210.68,200.74,"Incidence Growth"
2022-01-06,9295,259.12,212.31,"Incidence Growth"
2022-01-07,9312,281.85,223.33,"Incidence Growth"
2022-01-08,8429,277.3,233.66,"Incidence Growth"
2022-01-09,6263,246.2,243.14,"Incidence Growth"
2022-01-10,10049,253.76,251.62,"Incidence Growth"
2022-01-11,10340,273.36,258.94,"Incidence Growth"
2022-01-12,13034,342.81,264.98,"Incidence Growth"
2022-01-13,11190,354.52,269.68,"Incidence Growth"
2022-01-14,13520,387.13,273.01,"Incidence Growth"
2022-01-15,10070,356.73,274.91,"Incidence Growth"
2022-01-16,6325,306.83,275.37,"Incidence Plateau"
2022-01-17,9903,269.73,274.34,"Incidence Plateau"
2022-01-18,12565,295.32,271.81,"Incidence Plateau"
2022-01-19,11595,349.38,267.85,"Incidence Plateau"
2022-01-20,11600,366.78,262.57,"Incidence Plateau"
2022-01-21,10591,346.54,256.06,"Incidence Decline"
2022-01-22,6834,297.7,248.42,"Incidence Decline"
2022-01-23,4543,225.32,239.75,"Incidence Decline"
2022-01-24,6604,184.43,230.22,"Incidence Decline"
2022-01-25,7460,190.85,219.97,"Incidence Decline"
2022-01-26,6980,215.84,209.15,"Incidence Decline"
2022-01-27,6159,211.28,197.94,"Incidence Decline"
2022-01-28,4791,183.9,186.48,"Incidence Decline"
2022-01-29,3197,145.1,174.91,"Incidence Decline"
2022-01-30,2312,105.64,163.37,"Incidence Decline"
2022-01-31,2830,85.53,151.94,"Incidence Decline"
2022-02-01,3612,89.79,140.74,"Incidence Decline"
2022-02-02,3458,101.54,129.87,"Incidence Decline"
2022-02-03,2799,101.22,119.42,"Incidence Decline"
2022-02-04,2500,89.82,109.43,"Incidence Decline"
2022-02-05,1721,72,99.92,"Incidence Decline"
2022-02-06,1317,56.8,90.93,"Incidence Decline"
2022-02-07,1343,44.94,82.46,"Incidence Decline"
2022-02-08,2019,47.99,74.55,"Incidence Decline"
2022-02-09,1959,54.58,67.22,"Incidence Decline"
2022-02-10,1789,59.15,60.44,"Incidence Decline"
2022-02-11,1349,52.28,54.21,"Incidence Decline"
2022-02-12,1116,43.63,48.49,"Incidence Decline"
2022-02-13,654,31.99,43.27,"Incidence Decline"
2022-02-14,767,26.02,38.53,"Incidence Decline"
2022-02-15,1408,29.02,34.23,"Incidence Decline"
2022-02-16,1025,32.82,30.36,"Incidence Decline"
2022-02-17,1031,35.53,26.88,"Incidence Decline"
2022-02-18,843,29.73,23.77,"Incidence Decline"
2022-02-19,564,25.01,20.99,"Incidence Decline"
2022-02-20,376,18.29,18.53,"Incidence Decline"
2022-02-21,313,12.85,16.35,"Incidence Decline"
2022-02-22,660,13.84,14.44,"Incidence Decline"
2022-02-23,663,16.78,12.76,"Incidence Decline"
2022-02-24,477,18.46,11.3,"Incidence Decline"
2022-02-25,424,16.04,10.03,"Incidence Decline"
2022-02-26,332,12.65,8.94,"Incidence Decline"
2022-02-27,174,9.54,8,"Incidence Decline"
2022-02-28,297,8.24,7.19,"Incidence Decline"
2022-03-01,451,9.46,6.51,"Incidence Decline"
2022-03-02,404,11.82,5.93,"Incidence Decline"
2022-03-03,271,11.55,5.44,"Incidence Decline"
2022-03-04,235,9.33,5.03,"Incidence Decline"
2022-03-05,204,7.28,4.68,"Incidence Decline"
2022-03-06,100,5.53,4.4,"Incidence Decline"
2022-03-07,138,4.53,4.17,"Incidence Decline"
2022-03-08,218,4.68,3.98,"Incidence Decline"
2022-03-09,205,5.75,3.82,"Incidence Decline"
2022-03-10,246,6.86,3.7,"Incidence Decline"
2022-03-11,163,6.3,3.61,"Incidence Plateau"
2022-03-12,124,5.47,3.54,"Incidence Plateau"
2022-03-13,82,3.78,3.48,"Incidence Plateau"
2022-03-14,121,3.35,3.44,"Incidence Plateau"
2022-03-15,185,3.98,3.41,"Incidence Plateau"
2022-03-16,171,4.89,3.39,"Incidence Plateau"
2022-03-17,121,4.89,3.38,"Incidence Plateau"
2022-03-18,173,4.77,3.37,"Incidence Plateau"
2022-03-19,102,4.06,3.37,"Incidence Plateau"
2022-03-20,67,3.51,3.37,"Incidence Plateau"
2022-03-21,119,2.95,3.37,"Incidence Plateau"
2022-03-22,125,3.19,3.37,"Incidence Plateau"
2022-03-23,160,4.14,3.37,"Incidence Plateau"
2022-03-24,145,4.41,3.38,"Incidence Plateau"
