"Name","14 Day Total Cases","14 Day Rate / 100k","Level","Data Note"
"1-1 Brigham City","<5","1-5 Cases","1-5 Cases","Unstable, interpret with caution"
"12-10 Riverdale","8","28.18","Moderate Rate (>10-50)","Unstable, interpret with caution"
"3-11 Clearfield Area/Hooper","37","49.59","Moderate Rate (>10-50)","Stable"
"3-12 Layton/South Weber","41","47.76","Moderate Rate (>10-50)","Stable"
"3-13.1 Kaysville/Fruit Heights","22","55.04","Moderately High Rate (>50-100)","Stable"
"3-13.2 Syracuse","7","22.42","Moderate Rate (>10-50)","Unstable, interpret with caution"
"3-14.1 Centerville","10","55.25","Moderately High Rate (>50-100)","Unstable, interpret with caution"
"3-14.2 Farmington","13","53.25","Moderately High Rate (>50-100)","Stable"
"3-15.1 North Salt Lake","13","61.05","Moderately High Rate (>50-100)","Stable"
"3-15.2 Woods Cross/West Bountiful","12","77.17","Moderately High Rate (>50-100)","Stable"
"3-16 Bountiful","39","80.64","Moderately High Rate (>50-100)","Stable"
"4-17 Salt Lake City (Rose Park)","17","45.26","Moderate Rate (>10-50)","Stable"
"4-18 Salt Lake City (Avenues)","36","151.03","High Rate (>100-200)","Stable"
"4-19.1 Salt Lake City (Foothill/East Bench)","16","75.4","Moderately High Rate (>50-100)","Stable"
"1-2.2 Tremonton","9","49.49","Moderate Rate (>10-50)","Unstable, interpret with caution"
"4-20 Magna","13","45.79","Moderate Rate (>10-50)","Stable"
"4-21.1 Salt Lake City (Glendale) V2","18","72.62","Moderately High Rate (>50-100)","Stable"
"4-22.1 West Valley (Center)","29","56.72","Moderately High Rate (>50-100)","Stable"
"4-22.2 West Valley (West) V2","19","59.4","Moderately High Rate (>50-100)","Stable"
"4-23.1 West Valley (East) V2","33","63.39","Moderately High Rate (>50-100)","Stable"
"4-24.1 Salt Lake City (Downtown) V2","43","109.31","High Rate (>100-200)","Stable"
"4-24.2 Salt Lake City (Southeast Liberty)","25","114.28","High Rate (>100-200)","Stable"
"4-25 South Salt Lake","33","122.82","High Rate (>100-200)","Stable"
"4-26.1 Salt Lake City (Sugar House)","20","56.23","Moderately High Rate (>50-100)","Stable"
"4-26.2 Millcreek (South)","12","56.44","Moderately High Rate (>50-100)","Stable"
"4-26.3 Millcreek (East)","18","74.99","Moderately High Rate (>50-100)","Stable"
"4-27.1 Holladay V2","15","60.48","Moderately High Rate (>50-100)","Stable"
"4-28 Cottonwood","44","104.98","High Rate (>100-200)","Stable"
"4-29.1 Kearns V2","17","42.03","Moderate Rate (>10-50)","Stable"
"1-3.1 Logan V2","35","59.39","Moderately High Rate (>50-100)","Stable"
"1-3.2 North Logan","10","41.04","Moderate Rate (>10-50)","Unstable, interpret with caution"
"4-30 Taylorsville (East)/Murray (West)","29","77.03","Moderately High Rate (>50-100)","Stable"
"4-30.1 Taylorsville (West)","18","46.98","Moderate Rate (>10-50)","Stable"
"4-31 Murray","27","75.44","Moderately High Rate (>50-100)","Stable"
"4-32 Midvale","32","96.54","Moderately High Rate (>50-100)","Stable"
"4-33.2 West Jordan (Northeast) V2","16","51.1","Moderately High Rate (>50-100)","Stable"
"4-34.1 West Jordan (Southeast)","25","65.96","Moderately High Rate (>50-100)","Stable"
"4-34.2 West Jordan (West)/Copperton","26","49.99","Moderate Rate (>10-50)","Stable"
"4-35.1 South Jordan V2","11","26.75","Moderate Rate (>10-50)","Unstable, interpret with caution"
"4-35.2 Daybreak","18","45.69","Moderate Rate (>10-50)","Stable"
"4-36.1 Sandy (West)","26","83.89","Moderately High Rate (>50-100)","Stable"
"4-36.2 Sandy (Center) V2","32","109.27","High Rate (>100-200)","Stable"
"4-37 Sandy (Northeast)","29","125.56","High Rate (>100-200)","Stable"
"4-38 Sandy (Southeast)","32","103.72","High Rate (>100-200)","Stable"
"4-39.1 Draper","59","123.49","High Rate (>100-200)","Stable"
"4-39.2 Riverton/Bluffdale","23","48.61","Moderate Rate (>10-50)","Stable"
"4-39.3 Herriman","28","44.79","Moderate Rate (>10-50)","Stable"
"1-4.1 Cache County (Other)/Rich County (All) V2","10","39.41","Moderate Rate (>10-50)","Unstable, interpret with caution"
"1-4.2 Hyrum","<5","1-5 Cases","1-5 Cases","Unstable, interpret with caution"
"1-4.3 Smithfield","5","1-5 Cases","1-5 Cases","Unstable, interpret with caution"
"8-40.1 Tooele County (Other)","15","82.44","Moderately High Rate (>50-100)","Stable"
"8-40.2 Tooele Valley","34","60.38","Moderately High Rate (>50-100)","Stable"
"10-41.1 Eagle Mountain/Cedar Valley","14","34.5","Moderate Rate (>10-50)","Stable"
"10-41.2 Lehi","31","41.71","Moderate Rate (>10-50)","Stable"
"10-41.3 Saratoga Springs","14","38.75","Moderate Rate (>10-50)","Stable"
"10-42.1 American Fork","21","40.56","Moderate Rate (>10-50)","Stable"
"10-42.2 Alpine","<5","1-5 Cases","1-5 Cases","Unstable, interpret with caution"
"10-43 Pleasant Grove/Lindon","22","35.97","Moderate Rate (>10-50)","Stable"
"10-44 Orem (North)","23","59.06","Moderately High Rate (>50-100)","Stable"
"10-45 Orem (West)","11","25.16","Moderate Rate (>10-50)","Unstable, interpret with caution"
"10-46 Orem (East)","14","58.76","Moderately High Rate (>50-100)","Stable"
"10-47 Provo/BYU","14","26.2","Moderate Rate (>10-50)","Stable"
"10-48.1 Provo (West City Center)","15","43.34","Moderate Rate (>10-50)","Stable"
"10-48.2 Provo (East City Center)","15","42.12","Moderate Rate (>10-50)","Stable"
"10-49.1 Salem City","<5","1-5 Cases","1-5 Cases","Unstable, interpret with caution"
"10-49.2 Spanish Fork","13","28.27","Moderate Rate (>10-50)","Stable"
"10-49.3 Springville","13","37.32","Moderate Rate (>10-50)","Stable"
"10-49.4 Mapleton","0","0","No Reported Cases","Stable"
"12-5 Ben Lomond","51","78.1","Moderately High Rate (>50-100)","Stable"
"10-50.1 Utah County (South) V2","<5","1-5 Cases","1-5 Cases","Unstable, interpret with caution"
"10-50.2 Payson","12","42.74","Moderate Rate (>10-50)","Stable"
"7-51.1 Park City","49","160.3","High Rate (>100-200)","Stable"
"11-52 Wasatch County","20","56.66","Moderately High Rate (>50-100)","Stable"
"9-53.1 Daggett and Uintah County","15","40.54","Moderate Rate (>10-50)","Stable"
"9-53.2 Duchesne County","6","30.16","Moderate Rate (>10-50)","Unstable, interpret with caution"
"2-54.1 Nephi/Mona","0","0","No Reported Cases","Stable"
"2-54.2 Delta/Fillmore","<5","1-5 Cases","1-5 Cases","Unstable, interpret with caution"
"2-54.3 Sanpete Valley","17","75.31","Moderately High Rate (>50-100)","Stable"
"2-54.4 Central (Other)","6","24.56","Moderate Rate (>10-50)","Unstable, interpret with caution"
"2-55.1 Richfield/Monroe/Salina","5","1-5 Cases","1-5 Cases","Unstable, interpret with caution"
"5.1-56.1 Carbon County","17","81.86","Moderately High Rate (>50-100)","Stable"
"5.1-56.2 Emery County","<5","1-5 Cases","1-5 Cases","Unstable, interpret with caution"
"5.1-57.1 Grand County","7","71.44","Moderately High Rate (>50-100)","Unstable, interpret with caution"
"13-57.3 Blanding/Monticello","7","90.84","Moderately High Rate (>50-100)","Unstable, interpret with caution"
"13-57.4 San Juan (Other)","8","105.62","High Rate (>100-200)","Unstable, interpret with caution"
"6-58 St. George","32","32.48","Moderate Rate (>10-50)","Stable"
"6-59.1 Washington County (Other) V2","<5","1-5 Cases","1-5 Cases","Unstable, interpret with caution"
"6-59.2 Washington City","11","37.34","Moderate Rate (>10-50)","Unstable, interpret with caution"
"6-59.3 Hurricane/La Verkin","26","91.21","Moderately High Rate (>50-100)","Stable"
"6-59.4 Ivins/Santa Clara","<5","1-5 Cases","1-5 Cases","Unstable, interpret with caution"
"12-6.1 Weber County (East)","21","55.13","Moderately High Rate (>50-100)","Stable"
"12-6.2 Morgan County","7","56.07","Moderately High Rate (>50-100)","Unstable, interpret with caution"
"6-60 Cedar City","15","29.83","Moderate Rate (>10-50)","Stable"
"6-61 Southwest LHD (Other)","12","45.74","Moderate Rate (>10-50)","Stable"
"12-7 Ogden (Downtown)","25","57.7","Moderately High Rate (>50-100)","Stable"
"12-8 South Ogden","20","52.41","Moderately High Rate (>50-100)","Stable"
"12-9 Roy/Hooper","17","34.43","Moderate Rate (>10-50)","Stable"
"1-2.1 Box Elder County (Other) V2","<5","1-5 Cases","1-5 Cases","Unstable, interpret with caution"
"7-51.2 Summit County (East)","5","1-5 Cases","1-5 Cases","Unstable, interpret with caution"
