"Provider Type","People Received at Least One Dose","People Fully Vaccinated","Total Vaccines Administered"
"Community Nursing Services",65248,55037,129068
"Corrections",2114,1995,4243
"Federally Qualified Health Centers/Rural Health Clinics",25296,22400,51656
"Home Healthcare",1076,1047,1441
"Hospital System",173597,162169,338666
"IHS & Tribal Health",15611,13833,34872
"Local Health Department",855854,766692,1785942
"Long Term Care - Federal Partnership",32222,21408,53647
"Long Term Care - State Pharmacies",12825,10074,29203
"Long Term Care Pharmacies",17,6,105
"Other",84452,72084,168570
"Pharmacies",832381,742439,2030161
"Private Clinic/Health Center/Employee Health",150593,128715,370113
