"Race/Ethnicity","People Received at Least One Dose","% Received at Least One Dose","People Fully Vaccinated","% Fully Vaccinated","People Received a Booster","% Received a Booster","% of Eligible Population","% of All Vaccinated People"
"American Indian/Alaska Native alone, non-Hispanic",22842,"81.5%",20065,"71.59%",8635,"34.57%","0.93%","1.01%"
"Asian alone, non-Hispanic",69774,"90.43%",61847,"80.16%",32910,"46.47%","2.57%","3.1%"
"Black/African American alone, non-Hispanic",27114,"76.86%",22494,"63.76%",7878,"25.55%","1.17%","1.2%"
"Hispanic/Latino origin (of any race)",278226,"65.51%",241144,"56.78%",82939,"23.09%","14.12%","12.36%"
"Native Hawaiian/Pacific Islander alone, non-Hispanic",22187,"72.73%",19213,"62.98%",6236,"23.67%","1.01%","0.99%"
"White alone, non-Hispanic",1681483,"71.51%",1527256,"64.95%",737645,"35.42%","78.17%","74.69%"
"Some other race alone, non-Hispanic",18514,"---",16335,"---",5175,"---","---","0.82%"
"Unknown race, non-Hispanic",131146,"---",89545,"---",11197,"---","---","5.83%"
