"Jurisdiction","Doses Delivered","People Received at Least One Dose","People Fully Vaccinated","People Received a Booster","Total Doses Administered"
"Bear River",295484,117300,103693,42812,257873
"Central Utah",109874,38682,34256,13648,83935
"Davis County",641251,242919,226741,105068,564769
"San Juan",23860,8426,7608,3505,19293
"Salt Lake County",2721130,868402,781845,393811,1988644
"Southeast Utah",66732,23429,20760,9905,52020
"Southwest Utah",463548,137429,123593,54060,297446
"Summit County",84299,41817,35121,18283,92256
"Tooele County",93784,45118,40353,16748,98728
"TriCounty",74838,25246,21117,7649,52329
"Utah County",1016887,408058,361301,137717,881793
"Wasatch County",54600,22498,20318,9018,50392
"Weber-Morgan",477423,174905,158879,69376,394407
"Out of State/Unknown",0,97057,62314,11015,163802
"Delivered, address pending*",36062,0,0,0,0
"Total",6159772,2251286,1997899,892615,4997687
